Country,CountryAlpha3Code,Date,confirmed,deaths,recoveries,confirmed_inc,deaths_inc,recoveries_inc,ECR,GRTStringencyIndex,DaysSince1Cases,DaysSince100Cases,confirmed_PopPct,deaths_PopPct,recoveries_PopPct
Afghanistan,AFG,2020-01-22,0,0,0.0,32.0,0.0,6.0,0.0,0.0,-33,-66,0.0,0.0,0.0
Afghanistan,AFG,2020-01-23,0,0,0.0,0.0,0.0,0.0,0.0,0.0,-32,-65,0.0,0.0,0.0
Afghanistan,AFG,2020-01-24,0,0,0.0,0.0,0.0,0.0,0.0,0.0,-31,-64,0.0,0.0,0.0
Afghanistan,AFG,2020-01-25,0,0,0.0,0.0,0.0,0.0,0.0,0.0,-30,-63,0.0,0.0,0.0
Afghanistan,AFG,2020-01-26,0,0,0.0,0.0,0.0,0.0,0.0,0.0,-29,-62,0.0,0.0,0.0
Afghanistan,AFG,2020-01-27,0,0,0.0,0.0,0.0,0.0,0.0,0.0,-28,-61,0.0,0.0,0.0
Afghanistan,AFG,2020-01-28,0,0,0.0,0.0,0.0,0.0,0.0,0.0,-27,-60,0.0,0.0,0.0
Afghanistan,AFG,2020-01-29,0,0,0.0,0.0,0.0,0.0,0.0,0.0,-26,-59,0.0,0.0,0.0
Afghanistan,AFG,2020-01-30,0,0,0.0,0.0,0.0,0.0,0.0,0.0,-25,-58,0.0,0.0,0.0
Afghanistan,AFG,2020-01-31,0,0,0.0,0.0,0.0,0.0,0.0,0.0,-24,-57,0.0,0.0,0.0
Afghanistan,AFG,2020-02-01,0,0,0.0,0.0,0.0,0.0,0.0,0.0,-23,-56,0.0,0.0,0.0
Afghanistan,AFG,2020-02-02,0,0,0.0,0.0,0.0,0.0,0.0,0.0,-22,-55,0.0,0.0,0.0
Afghanistan,AFG,2020-02-03,0,0,0.0,0.0,0.0,0.0,0.0,0.0,-21,-54,0.0,0.0,0.0
Afghanistan,AFG,2020-02-04,0,0,0.0,0.0,0.0,0.0,0.0,0.0,-20,-53,0.0,0.0,0.0
Afghanistan,AFG,2020-02-05,0,0,0.0,0.0,0.0,0.0,0.0,0.0,-19,-52,0.0,0.0,0.0
Afghanistan,AFG,2020-02-06,0,0,0.0,0.0,0.0,0.0,0.0,0.0,-18,-51,0.0,0.0,0.0
Afghanistan,AFG,2020-02-07,0,0,0.0,0.0,0.0,0.0,0.0,0.0,-17,-50,0.0,0.0,0.0
Afghanistan,AFG,2020-02-08,0,0,0.0,0.0,0.0,0.0,0.0,0.0,-16,-49,0.0,0.0,0.0
Afghanistan,AFG,2020-02-09,0,0,0.0,0.0,0.0,0.0,0.0,0.0,-15,-48,0.0,0.0,0.0
Afghanistan,AFG,2020-02-10,0,0,0.0,0.0,0.0,0.0,0.0,0.0,-14,-47,0.0,0.0,0.0
Afghanistan,AFG,2020-02-11,0,0,0.0,0.0,0.0,0.0,0.0,0.0,-13,-46,0.0,0.0,0.0
Afghanistan,AFG,2020-02-12,0,0,0.0,0.0,0.0,0.0,0.0,0.0,-12,-45,0.0,0.0,0.0
Afghanistan,AFG,2020-02-13,0,0,0.0,0.0,0.0,0.0,0.0,0.0,-11,-44,0.0,0.0,0.0
Afghanistan,AFG,2020-02-14,0,0,0.0,0.0,0.0,0.0,0.0,0.0,-10,-43,0.0,0.0,0.0
Afghanistan,AFG,2020-02-15,0,0,0.0,0.0,0.0,0.0,0.0,0.0,-9,-42,0.0,0.0,0.0
Afghanistan,AFG,2020-02-16,0,0,0.0,0.0,0.0,0.0,0.0,0.0,-8,-41,0.0,0.0,0.0
Afghanistan,AFG,2020-02-17,0,0,0.0,0.0,0.0,0.0,0.0,0.0,-7,-40,0.0,0.0,0.0
Afghanistan,AFG,2020-02-18,0,0,0.0,0.0,0.0,0.0,0.0,0.0,-6,-39,0.0,0.0,0.0
Afghanistan,AFG,2020-02-19,0,0,0.0,0.0,0.0,0.0,0.0,0.0,-5,-38,0.0,0.0,0.0
Afghanistan,AFG,2020-02-20,0,0,0.0,0.0,0.0,0.0,0.0,0.0,-4,-37,0.0,0.0,0.0
Afghanistan,AFG,2020-02-21,0,0,0.0,0.0,0.0,0.0,0.0,0.0,-3,-36,0.0,0.0,0.0
Afghanistan,AFG,2020-02-22,0,0,0.0,0.0,0.0,0.0,0.0,0.0,-2,-35,0.0,0.0,0.0
Afghanistan,AFG,2020-02-23,0,0,0.0,0.0,0.0,0.0,0.0,8.33,-1,-34,0.0,0.0,0.0
Afghanistan,AFG,2020-02-24,1,0,0.0,1.0,0.0,0.0,0.0,8.33,0,-33,2.6286905698407072e-06,0.0,0.0
Afghanistan,AFG,2020-02-25,1,0,0.0,0.0,0.0,0.0,0.0,8.33,1,-32,2.6286905698407072e-06,0.0,0.0
Afghanistan,AFG,2020-02-26,1,0,0.0,0.0,0.0,0.0,0.0,8.33,2,-31,2.6286905698407072e-06,0.0,0.0
Afghanistan,AFG,2020-02-27,1,0,0.0,0.0,0.0,0.0,0.0,8.33,3,-30,2.6286905698407072e-06,0.0,0.0
Afghanistan,AFG,2020-02-28,1,0,0.0,0.0,0.0,0.0,0.0,8.33,4,-29,2.6286905698407072e-06,0.0,0.0
Afghanistan,AFG,2020-02-29,1,0,0.0,0.0,0.0,0.0,0.0,8.33,5,-28,2.6286905698407072e-06,0.0,0.0
Afghanistan,AFG,2020-03-01,1,0,0.0,0.0,0.0,0.0,0.0,27.78,6,-27,2.6286905698407072e-06,0.0,0.0
Afghanistan,AFG,2020-03-02,1,0,0.0,0.0,0.0,0.0,1.0,27.78,7,-26,2.6286905698407072e-06,0.0,0.0
Afghanistan,AFG,2020-03-03,2,0,0.0,1.0,0.0,0.0,1.0,27.78,8,-25,5.2573811396814144e-06,0.0,0.0
Afghanistan,AFG,2020-03-04,4,0,0.0,2.0,0.0,0.0,0.0,27.78,9,-24,1.0514762279362829e-05,0.0,0.0
Afghanistan,AFG,2020-03-05,4,0,0.0,0.0,0.0,0.0,0.0,27.78,10,-23,1.0514762279362829e-05,0.0,0.0
Afghanistan,AFG,2020-03-06,4,0,0.0,0.0,0.0,0.0,0.0,27.78,11,-22,1.0514762279362829e-05,0.0,0.0
Afghanistan,AFG,2020-03-07,4,0,0.0,0.0,0.0,0.0,0.25,27.78,12,-21,1.0514762279362829e-05,0.0,0.0
Afghanistan,AFG,2020-03-08,5,0,0.0,1.0,0.0,0.0,0.3999999999999999,27.78,13,-20,1.3143452849203536e-05,0.0,0.0
Afghanistan,AFG,2020-03-09,7,0,0.0,2.0,0.0,0.0,0.1428571428571428,27.78,14,-19,1.840083398888495e-05,0.0,0.0
Afghanistan,AFG,2020-03-10,8,0,0.0,1.0,0.0,0.0,0.375,27.78,15,-18,2.1029524558725658e-05,0.0,0.0
Afghanistan,AFG,2020-03-11,11,0,0.0,3.0,0.0,0.0,0.09090909090909083,27.78,16,-17,2.891559626824778e-05,0.0,0.0
Afghanistan,AFG,2020-03-12,12,0,0.0,1.0,0.0,0.0,0.08333333333333326,27.78,17,-16,3.1544286838088487e-05,0.0,0.0
Afghanistan,AFG,2020-03-13,13,0,0.0,1.0,0.0,0.0,0.15384615384615374,27.78,18,-15,3.4172977407929194e-05,0.0,0.0
Afghanistan,AFG,2020-03-14,15,0,0.0,2.0,0.0,0.0,0.06666666666666665,38.89,19,-14,3.943035854761061e-05,0.0,0.0
Afghanistan,AFG,2020-03-15,16,0,0.0,1.0,0.0,0.0,0.125,38.89,20,-13,4.2059049117451315e-05,0.0,0.0
Afghanistan,AFG,2020-03-16,18,0,1.0,2.0,0.0,1.0,0.11111111111111116,38.89,21,-12,4.731643025713273e-05,0.0,2.6286905698407072e-06
Afghanistan,AFG,2020-03-17,20,0,1.0,2.0,0.0,0.0,0.19999999999999996,38.89,22,-11,5.2573811396814144e-05,0.0,2.6286905698407072e-06
Afghanistan,AFG,2020-03-18,24,0,1.0,4.0,0.0,0.0,0.04166666666666674,41.67,23,-10,6.308857367617697e-05,0.0,2.6286905698407072e-06
Afghanistan,AFG,2020-03-19,25,0,1.0,1.0,0.0,0.0,0.15999999999999992,41.67,24,-9,6.571726424601768e-05,0.0,2.6286905698407072e-06
Afghanistan,AFG,2020-03-20,29,0,1.0,4.0,0.0,0.0,0.034482758620689724,41.67,25,-8,7.623202652538051e-05,0.0,2.6286905698407072e-06
Afghanistan,AFG,2020-03-21,30,0,1.0,1.0,0.0,0.0,0.1333333333333333,41.67,26,-7,7.886071709522122e-05,0.0,2.6286905698407072e-06
Afghanistan,AFG,2020-03-22,34,1,1.0,4.0,1.0,0.0,0.2058823529411764,41.67,27,-6,8.937547937458405e-05,2.6286905698407072e-06,2.6286905698407072e-06
Afghanistan,AFG,2020-03-23,41,1,1.0,7.0,0.0,0.0,0.04878048780487809,41.67,28,-5,0.000107776313363469,2.6286905698407072e-06,2.6286905698407072e-06
Afghanistan,AFG,2020-03-24,43,1,1.0,2.0,0.0,0.0,0.7674418604651163,50.93,29,-4,0.00011303369450315041,2.6286905698407072e-06,2.6286905698407072e-06
Afghanistan,AFG,2020-03-25,76,2,2.0,33.0,1.0,1.0,0.05263157894736836,59.26,30,-3,0.00019978048330789375,5.2573811396814144e-06,5.2573811396814144e-06
Afghanistan,AFG,2020-03-26,80,3,2.0,4.0,1.0,0.0,0.13749999999999996,59.26,31,-2,0.00021029524558725658,7.886071709522122e-06,5.2573811396814144e-06
Afghanistan,AFG,2020-03-27,91,3,2.0,11.0,0.0,0.0,0.17582417582417587,59.26,32,-1,0.00023921084185550434,7.886071709522122e-06,5.2573811396814144e-06
Afghanistan,AFG,2020-03-28,107,4,2.0,16.0,1.0,0.0,0.10280373831775691,67.59,33,0,0.0002812698909729557,1.0514762279362829e-05,5.2573811396814144e-06
Afghanistan,AFG,2020-03-29,118,4,2.0,11.0,0.0,0.0,0.23728813559322037,67.59,34,1,0.0003101854872412034,1.0514762279362829e-05,5.2573811396814144e-06
Afghanistan,AFG,2020-03-30,146,4,2.0,28.0,0.0,0.0,0.19863013698630128,67.59,35,2,0.0003837888231967432,1.0514762279362829e-05,5.2573811396814144e-06
Afghanistan,AFG,2020-03-31,175,4,5.0,29.0,0.0,3.0,0.12571428571428567,67.59,36,3,0.0004600208497221237,1.0514762279362829e-05,1.3143452849203536e-05
Afghanistan,AFG,2020-04-01,197,4,5.0,22.0,0.0,0.0,0.218274111675127,67.59,37,4,0.0005178520422586193,1.0514762279362829e-05,1.3143452849203536e-05
Afghanistan,AFG,2020-04-02,240,4,10.0,43.0,0.0,5.0,0.14583333333333326,67.59,38,5,0.0006308857367617697,1.0514762279362829e-05,2.6286905698407072e-05
Afghanistan,AFG,2020-04-03,275,8,10.0,35.0,4.0,0.0,0.09090909090909083,67.59,39,6,0.0007228899067061945,2.1029524558725658e-05,2.6286905698407072e-05
Afghanistan,AFG,2020-04-04,300,10,10.0,25.0,2.0,0.0,0.1266666666666667,67.59,40,7,0.0007886071709522121,2.6286905698407072e-05,2.6286905698407072e-05
Afghanistan,AFG,2020-04-05,338,12,15.0,38.0,2.0,5.0,0.08875739644970415,78.7,41,8,0.000888497412606159,3.1544286838088487e-05,3.943035854761061e-05
Afghanistan,AFG,2020-04-06,368,15,18.0,30.0,3.0,3.0,0.15217391304347827,78.7,42,9,0.0009673581297013803,3.943035854761061e-05,4.731643025713273e-05
Afghanistan,AFG,2020-04-07,424,16,18.0,56.0,1.0,0.0,0.04952830188679247,78.7,43,10,0.0011145648016124598,4.2059049117451315e-05,4.731643025713273e-05
Afghanistan,AFG,2020-04-08,445,16,29.0,21.0,0.0,11.0,0.0898876404494382,78.7,44,11,0.0011697673035791147,4.2059049117451315e-05,7.623202652538051e-05
Afghanistan,AFG,2020-04-09,485,17,32.0,40.0,1.0,3.0,0.09690721649484546,78.7,45,12,0.0012749149263727429,4.468773968729202e-05,8.411809823490263e-05
Afghanistan,AFG,2020-04-10,532,18,32.0,47.0,1.0,0.0,0.04511278195488733,78.7,46,13,0.0013984633831552562,4.731643025713273e-05,8.411809823490263e-05
Afghanistan,AFG,2020-04-11,556,18,32.0,24.0,0.0,0.0,0.09352517985611519,78.7,47,14,0.0014615519568314333,4.731643025713273e-05,8.411809823490263e-05
Afghanistan,AFG,2020-04-12,608,19,32.0,52.0,1.0,0.0,0.09539473684210531,84.26,48,15,0.00159824386646315,4.994512082697344e-05,8.411809823490263e-05
Afghanistan,AFG,2020-04-13,666,22,32.0,58.0,3.0,0.0,0.07357357357357364,84.26,49,16,0.001750707919513911,5.783119253649556e-05,8.411809823490263e-05
Afghanistan,AFG,2020-04-14,715,23,40.0,49.0,1.0,8.0,0.09790209790209792,84.26,50,17,0.0018795137574361056,6.0459883106336266e-05,0.00010514762279362829
Afghanistan,AFG,2020-04-15,785,29,43.0,70.0,6.0,3.0,0.07133757961783438,84.26,51,18,0.0020635220973249553,7.623202652538051e-05,0.00011303369450315041
Afghanistan,AFG,2020-04-16,841,30,54.0,56.0,1.0,11.0,0.0784780023781213,84.26,52,19,0.0022107287692360346,7.886071709522122e-05,0.0001419492907713982
Afghanistan,AFG,2020-04-17,907,30,99.0,66.0,0.0,45.0,0.029768467475193017,84.26,53,20,0.0023842223468455216,7.886071709522122e-05,0.00026024036641423003
Afghanistan,AFG,2020-04-18,934,30,112.0,27.0,0.0,13.0,0.06745182012847972,84.26,54,21,0.0024551969922312206,7.886071709522122e-05,0.0002944133438221592
Afghanistan,AFG,2020-04-19,997,33,131.0,63.0,3.0,19.0,0.030090270812437314,84.26,55,22,0.002620804498131185,8.674678880474334e-05,0.00034435846464913266
Afghanistan,AFG,2020-04-20,1027,36,135.0,30.0,3.0,4.0,0.06426484907497576,84.26,56,23,0.002699665215226406,9.463286051426546e-05,0.0003548732269284955
Afghanistan,AFG,2020-04-21,1093,36,150.0,66.0,0.0,15.0,0.07685269899359559,84.26,57,24,0.002873158792835893,9.463286051426546e-05,0.00039430358547610606
Afghanistan,AFG,2020-04-22,1177,40,166.0,84.0,4.0,16.0,0.05012744265080715,84.26,58,25,0.0030939688007025124,0.00010514762279362829,0.00043636263459355737
Afghanistan,AFG,2020-04-23,1236,40,179.0,59.0,0.0,13.0,0.07686084142394822,84.26,59,26,0.003249061544323114,0.00010514762279362829,0.00047053561200148655
Afghanistan,AFG,2020-04-24,1331,43,188.0,95.0,3.0,9.0,0.09992486851990989,84.26,60,27,0.0034987871484579813,0.00011303369450315041,0.0004941938271300529
Afghanistan,AFG,2020-04-25,1464,47,188.0,133.0,4.0,0.0,0.04644808743169393,84.26,61,28,0.003848402994246795,0.00012354845678251323,0.0004941938271300529
Afghanistan,AFG,2020-04-26,1532,52,207.0,68.0,5.0,19.0,0.1122715404699739,84.26,62,29,0.004027153952995964,0.00013669190963171678,0.0005441389479570264
Afghanistan,AFG,2020-04-27,1704,58,220.0,172.0,6.0,13.0,0.073943661971831,84.26,63,30,0.004479288731008565,0.00015246405305076102,0.0005783119253649555
Afghanistan,AFG,2020-04-28,1830,59,228.0,126.0,1.0,8.0,0.060109289617486406,84.26,64,31,0.004810503742808494,0.0001550927436206017,0.0005993414499236812
Afghanistan,AFG,2020-04-29,1940,61,252.0,110.0,2.0,24.0,0.09639175257731969,84.26,65,32,0.0050996597054909715,0.00016035012476028313,0.0006624300235998582
Afghanistan,AFG,2020-04-30,2127,64,260.0,187.0,3.0,8.0,0.0771039022096851,84.26,66,33,0.005591224842051184,0.00016823619646980526,0.0006834595481585838
Afghanistan,AFG,2020-05-01,2291,68,310.0,164.0,4.0,50.0,0.0781318201658665,84.26,67,34,0.00602233009550506,0.0001787509587491681,0.0008148940766506193
Afghanistan,AFG,2020-05-02,2470,72,331.0,179.0,4.0,21.0,0.09514170040485825,84.26,68,35,0.006492865707506547,0.00018926572102853092,0.0008700965786172741
Afghanistan,AFG,2020-05-03,2705,85,345.0,235.0,13.0,14.0,0.07024029574861368,84.26,69,36,0.007110607991419113,0.0002234386984364601,0.0009068982465950439
Afghanistan,AFG,2020-05-04,2895,90,397.0,190.0,5.0,52.0,0.11398963730569944,84.26,70,37,0.007610059199688847,0.00023658215128566365,0.0010435901562267608
Afghanistan,AFG,2020-05-05,3225,95,421.0,330.0,5.0,24.0,0.052093023255813886,84.26,71,38,0.00847752708773628,0.0002497256041348672,0.0011066787299029376
Afghanistan,AFG,2020-05-06,3393,104,458.0,168.0,9.0,37.0,0.05039787798408479,84.26,72,39,0.00891914710346952,0.00027338381926343355,0.0012039402809870439
Afghanistan,AFG,2020-05-07,3564,106,468.0,171.0,2.0,10.0,0.06088664421997758,84.26,73,40,0.00936865319091228,0.00027864120040311494,0.001230227186685451
Afghanistan,AFG,2020-05-08,3781,109,472.0,217.0,3.0,4.0,0.06902935731288018,84.26,74,41,0.009939079044567714,0.00028652727211263707,0.0012407419489648137
Afghanistan,AFG,2020-05-09,4042,115,502.0,261.0,6.0,30.0,0.08931222167243935,84.26,75,42,0.010625167283296138,0.00030229941553168134,0.001319602666060035
Afghanistan,AFG,2020-05-10,4403,120,558.0,361.0,5.0,56.0,0.06450147626618219,84.26,76,43,0.011574124579008634,0.00031544286838088487,0.0014668093379711145
Afghanistan,AFG,2020-05-11,4687,122,558.0,284.0,2.0,0.0,0.059953061659910434,84.26,77,44,0.012320672700843395,0.00032070024952056625,0.0014668093379711145
Afghanistan,AFG,2020-05-12,4968,127,610.0,281.0,5.0,52.0,0.05213365539452486,84.26,78,45,0.013059334750968633,0.00033384370236976983,0.0016035012476028313
Afghanistan,AFG,2020-05-13,5227,132,648.0,259.0,5.0,38.0,0.07901281806007265,84.26,79,46,0.013740165608557377,0.00034698715521897335,0.0017033914892567782
Afghanistan,AFG,2020-05-14,5640,136,691.0,413.0,4.0,43.0,0.07340425531914896,84.26,80,47,0.014825814813901588,0.0003575019174983362,0.0018164251837599287
Afghanistan,AFG,2020-05-15,6054,153,745.0,414.0,17.0,54.0,0.057647836141394126,84.26,81,48,0.01591409270981564,0.0004021896571856282,0.0019583744745313267
Afghanistan,AFG,2020-05-16,6403,168,745.0,349.0,15.0,0.0,0.04091831953771674,84.26,82,49,0.01683150571869005,0.0004416200157332388,0.0019583744745313267
Afghanistan,AFG,2020-05-17,6665,170,778.0,262.0,2.0,33.0,0.06121530382595641,84.26,83,50,0.017520222647988314,0.0004468773968729202,0.00204512126333607
Afghanistan,AFG,2020-05-18,7073,173,801.0,408.0,3.0,23.0,0.08214336208115358,84.26,84,51,0.018592728400483323,0.00045476346858244233,0.0021055811464424064
Afghanistan,AFG,2020-05-19,7654,178,850.0,581.0,5.0,49.0,0.06428011497256336,84.26,85,52,0.020119997621560772,0.00046790692143164586,0.002234386984364601
Afghanistan,AFG,2020-05-20,8146,188,930.0,492.0,10.0,80.0,0.06518536705131361,84.26,86,53,0.0214133133819224,0.0004941938271300529,0.0024446822299518576
Afghanistan,AFG,2020-05-21,8677,194,938.0,531.0,6.0,8.0,0.06246398524835772,84.26,87,54,0.022809148074507814,0.0005099659705490972,0.002465711754510583
Afghanistan,AFG,2020-05-22,9219,206,996.0,542.0,12.0,58.0,0.08482481831001198,84.26,88,55,0.02423389836336148,0.0005415102573871857,0.002618175807561344
Afghanistan,AFG,2020-05-23,10001,217,1040.0,782.0,11.0,44.0,0.058394160583941535,84.26,89,56,0.026289534388976913,0.0005704258536554334,0.0027338381926343353
Afghanistan,AFG,2020-05-24,10585,219,1075.0,584.0,2.0,35.0,0.05583372697213029,84.26,90,57,0.027824689681763885,0.0005756832347951149,0.0028258423625787603
Afghanistan,AFG,2020-05-25,11176,220,1097.0,591.0,1.0,22.0,0.058876163206871945,84.26,91,58,0.029378245808539743,0.0005783119253649555,0.0028836735551152556
Afghanistan,AFG,2020-05-26,11834,221,1128.0,658.0,1.0,31.0,0.05281392597600143,84.26,92,59,0.031107924203494928,0.0005809406159347963,0.0029651629627803176
Afghanistan,AFG,2020-05-27,12459,228,1138.0,625.0,7.0,10.0,0.04655269283249064,84.26,93,60,0.03275085580964537,0.0005993414499236812,0.002991449868478725
Afghanistan,AFG,2020-05-28,13039,236,1209.0,580.0,8.0,71.0,0.047779737709947145,84.26,94,61,0.03427549634015298,0.0006203709744824068,0.003178086898937415
Afghanistan,AFG,2020-05-29,13662,247,1259.0,623.0,11.0,50.0,0.0633874981701068,84.26,95,62,0.03591317056516374,0.0006492865707506546,0.00330952142742945
Afghanistan,AFG,2020-05-30,14528,250,1303.0,866.0,3.0,44.0,0.04680616740088106,84.26,96,63,0.038189616598645795,0.0006571726424601768,0.0034251838125024412
Afghanistan,AFG,2020-05-31,15208,258,1328.0,680.0,8.0,25.0,0.035836401893740044,84.26,97,64,0.039977126186137475,0.0006782021670189024,0.003490901076748459
Afghanistan,AFG,2020-06-01,15753,266,1428.0,545.0,8.0,100.0,0.04818129880022859,84.26,98,65,0.04140976254670066,0.0006992316915776281,0.00375377013373253
Afghanistan,AFG,2020-06-02,16512,274,1450.0,759.0,8.0,22.0,0.04590600775193798,84.26,99,66,0.043404938689209756,0.0007202612161363537,0.003811601326269025
Afghanistan,AFG,2020-06-03,17270,298,1522.0,758.0,24.0,72.0,0.045570353213665316,84.26,100,67,0.04539748614114901,0.0007833497898125307,0.0040008670472975565
Afghanistan,AFG,2020-06-04,18057,304,1585.0,787.0,6.0,63.0,0.050672869247383234,84.26,101,68,0.047466265619613646,0.000799121933231575,0.004166474553197521
Afghanistan,AFG,2020-06-05,18972,313,1762.0,915.0,9.0,177.0,0.030676786843769843,84.26,102,69,0.0498715174910179,0.0008227801483601413,0.0046317527840593255
Afghanistan,AFG,2020-06-06,19554,331,1830.0,582.0,18.0,68.0,0.04045208141556711,84.26,103,70,0.051401415402665185,0.0008700965786172741,0.004810503742808494
Afghanistan,AFG,2020-06-07,20345,361,1875.0,791.0,30.0,45.0,0.028262472351929135,84.26,104,71,0.05348070964340919,0.0009489572957124952,0.004928794818451326
Afghanistan,AFG,2020-06-08,20920,373,2171.0,575.0,12.0,296.0,0.025908221797323217,84.26,105,72,0.054992206721067596,0.0009805015825505837,0.005706887227124175
Afghanistan,AFG,2020-06-09,21462,388,2651.0,542.0,15.0,480.0,0.031870282359519164,78.7,106,73,0.056416957009921255,0.0010199319410981943,0.006968658700647714
Afghanistan,AFG,2020-06-10,22146,409,3013.0,684.0,21.0,362.0,0.03377585116951143,78.7,107,74,0.0582149813596923,0.0010751344430648493,0.007920244686930051
Afghanistan,AFG,2020-06-11,22894,430,3326.0,748.0,21.0,313.0,0.028653795754346012,78.7,108,75,0.06018124190593315,0.001130336945031504,0.008743024835290191
Afghanistan,AFG,2020-06-12,23550,450,3928.0,656.0,20.0,602.0,0.02360934182590224,78.7,109,76,0.06190566291974865,0.0011829107564283181,0.010325496558334297
Afghanistan,AFG,2020-06-13,24106,455,4201.0,556.0,5.0,273.0,0.0275450095411931,78.7,110,77,0.06336721487658009,0.0011960542092775217,0.01104312908390081
Afghanistan,AFG,2020-06-14,24770,475,4725.0,664.0,20.0,524.0,0.03072264836495764,78.7,111,78,0.06511266541495432,0.0012486280206743358,0.012420562942497342
Afghanistan,AFG,2020-06-15,25531,482,5164.0,761.0,7.0,439.0,0.030668598958129234,78.7,112,79,0.0671130989386031,0.0012670288546632207,0.01357455810265741
Afghanistan,AFG,2020-06-16,26314,495,5508.0,783.0,13.0,344.0,0.021433457475108275,78.7,113,80,0.06917136365478836,0.0013012018320711501,0.014478827658682615
Afghanistan,AFG,2020-06-17,26878,508,6158.0,564.0,13.0,650.0,0.024480988168762652,78.7,114,81,0.07065394513617852,0.0013353748094790793,0.016187476529079075
Afghanistan,AFG,2020-06-18,27536,550,7660.0,658.0,42.0,1502.0,0.012565368971528157,78.7,115,82,0.07238362353113371,0.001445779813412389,0.020135769764979817
Afghanistan,AFG,2020-06-19,27882,552,7962.0,346.0,2.0,302.0,0.019582526361093144,78.7,116,83,0.0732931504682986,0.0014510371945520703,0.02092963431707171
Afghanistan,AFG,2020-06-20,28428,573,8292.0,546.0,21.0,330.0,0.014387223863796317,78.7,117,84,0.07472841551943163,0.0015062396965187252,0.021797102205119143
Afghanistan,AFG,2020-06-21,28837,585,8764.0,409.0,12.0,472.0,0.010750078024759802,78.7,118,85,0.07580354996249647,0.0015377839833568138,0.023037844154083956
Afghanistan,AFG,2020-06-22,29147,597,8841.0,310.0,12.0,77.0,0.011116066833636307,78.7,119,86,0.0766184440391471,0.001569328270194902,0.02324025332796169
Afghanistan,AFG,2020-06-23,29471,617,9260.0,324.0,20.0,419.0,0.007940008822232114,78.7,120,87,0.07747013978377548,0.0016219020815917164,0.024341674676724948
Afghanistan,AFG,2020-06-24,29705,638,9869.0,234.0,21.0,609.0,0.015485608483420288,78.7,121,88,0.0780852533771182,0.0016771045835583711,0.02594254723375794
Afghanistan,AFG,2020-06-25,30165,674,10174.0,460.0,36.0,305.0,0.009149676777722604,78.7,122,89,0.07929445103924493,0.0017717374440726365,0.026744297857559354
Afghanistan,AFG,2020-06-26,30441,682,10306.0,276.0,8.0,132.0,0.005420321277224804,78.7,123,90,0.08001996963652097,0.0017927669686313623,0.027091285012778327
Afghanistan,AFG,2020-06-27,30606,716,10674.0,165.0,34.0,368.0,0.01146833954126647,78.7,124,91,0.08045370358054468,0.0018821424480059462,0.028058643142479706
Afghanistan,AFG,2020-06-28,30957,728,12604.0,351.0,12.0,1930.0,0.008754078237555252,78.7,125,92,0.08137637397055877,0.0019136867348440347,0.033132015942272275
Afghanistan,AFG,2020-06-29,31228,740,13934.0,271.0,12.0,1330.0,0.008934289739976897,78.7,126,93,0.0820887491149856,0.0019452310216821233,0.03662817440016041
Afghanistan,AFG,2020-06-30,31507,752,14131.0,279.0,12.0,197.0,0.010124734186053974,78.7,127,94,0.08282215378397116,0.0019767753085202116,0.03714602644241903
Afghanistan,AFG,2020-07-01,31826,780,15651.0,319.0,28.0,1520.0,0.005844278263055447,78.7,128,95,0.08366070607575035,0.0020503786444757517,0.04114163610857691
Afghanistan,AFG,2020-07-02,32012,809,16041.0,186.0,29.0,390.0,0.009433962264151052,78.7,129,96,0.08414964252174072,0.002126610671001132,0.042166825430814785
Afghanistan,AFG,2020-07-03,32314,821,17331.0,302.0,12.0,1290.0,0.01076932598873559,78.7,130,97,0.08494350707383261,0.0021581549578392205,0.04555783626590929
Afghanistan,AFG,2020-07-04,32662,828,19164.0,348.0,7.0,1833.0,0.00854203661747599,78.7,131,98,0.08585829139213717,0.0021765557918281054,0.050376226080427314
Afghanistan,AFG,2020-07-05,32941,866,19366.0,279.0,38.0,202.0,0.007255396011049964,78.7,132,99,0.08659169606112273,0.0022764460334820523,0.050907221575535136
Afghanistan,AFG,2020-07-06,33180,900,20103.0,239.0,34.0,737.0,0.005846895720313494,78.7,133,100,0.08721995310731466,0.0023658215128566362,0.05284456652550774
Afghanistan,AFG,2020-07-07,33374,922,20179.0,194.0,22.0,76.0,0.0062923233654941235,78.7,134,101,0.08772991907786376,0.002423652705393132,0.05304434700881563
Afghanistan,AFG,2020-07-08,33584,939,20700.0,210.0,17.0,521.0,0.009349690328728011,78.7,135,102,0.0882819440975303,0.002468340445080424,0.05441389479570264
Afghanistan,AFG,2020-07-09,33898,959,20847.0,314.0,20.0,147.0,0.008437075933683369,78.7,136,103,0.08910735293646029,0.0025209142564772383,0.054800312309469225
Afghanistan,AFG,2020-07-10,34184,973,20882.0,286.0,14.0,35.0,0.0050315937280598355,78.7,137,104,0.08985915843943473,0.002557715924455008,0.054892316479413644
Afghanistan,AFG,2020-07-11,34356,996,21135.0,172.0,23.0,253.0,0.0024740947723833617,78.7,138,105,0.09031129321744734,0.002618175807561344,0.05555737519358334
Afghanistan,AFG,2020-07-12,34441,1012,21216.0,85.0,16.0,81.0,0.00447141488342373,78.7,139,106,0.09053473191588379,0.0026602348566787956,0.05577029912974044
Afghanistan,AFG,2020-07-13,34595,1040,21254.0,154.0,28.0,38.0,0.0039022980199450163,78.7,140,107,0.09093955026363926,0.0027338381926343353,0.05587018937139439
Afghanistan,AFG,2020-07-14,34730,1064,21454.0,135.0,24.0,200.0,0.007313561762165355,78.7,141,108,0.09129442349056775,0.0027969267663105124,0.05639592748536253
Afghanistan,AFG,2020-07-15,34984,1096,22456.0,254.0,32.0,1002.0,0.0021724216784815287,78.7,142,109,0.0919621108953073,0.002881044864545415,0.05902987543634292
Afghanistan,AFG,2020-07-16,35060,1117,22824.0,76.0,21.0,368.0,0.004535082715345196,78.7,143,110,0.09216189137861519,0.0029362473665120697,0.0599972335660443
Afghanistan,AFG,2020-07-17,35219,1149,23151.0,159.0,32.0,327.0,0.0017036258837559437,78.7,144,111,0.09257985317921986,0.0030203654647469724,0.06085681538238221
Afghanistan,AFG,2020-07-18,35279,1166,23273.0,60.0,17.0,122.0,0.004932112588225346,78.7,145,112,0.09273757461341031,0.0030650532044342645,0.061177515631902775
Afghanistan,AFG,2020-07-19,35453,1183,23634.0,174.0,17.0,361.0,0.0011282543085211483,78.7,146,113,0.09319496677256259,0.0031097409441215567,0.06212647292761527
Afghanistan,AFG,2020-07-20,35493,1185,23741.0,40.0,2.0,107.0,0.003155551798946332,78.7,147,114,0.09330011439535622,0.003114998325261238,0.06240774281858823
Afghanistan,AFG,2020-07-21,35605,1188,23741.0,112.0,3.0,0.0,0.003145625614380032,78.7,148,115,0.09359452773917838,0.00312288439697076,0.06240774281858823
Afghanistan,AFG,2020-07-22,35717,1192,23924.0,112.0,4.0,183.0,0.005627572304504946,78.7,149,116,0.09388894108300054,0.003133399159250123,0.06288879319286908
Afghanistan,AFG,2020-07-23,35918,1213,24550.0,201.0,21.0,626.0,0.0016704716298234779,78.7,150,117,0.09441730788753852,0.0031886016612167776,0.06453435348958936
Afghanistan,AFG,2020-07-24,35978,1227,24602.0,60.0,14.0,52.0,0.001334148646394917,78.7,151,118,0.09457502932172897,0.0032254033291945474,0.06467104539922108
Afghanistan,AFG,2020-07-25,36026,1249,24793.0,48.0,22.0,191.0,0.003358685393882288,78.7,152,119,0.09470120646908131,0.0032832345217310432,0.06517312529806066
Afghanistan,AFG,2020-07-26,36147,1261,25180.0,121.0,12.0,387.0,0.0029324701911639384,78.7,153,120,0.09501927802803205,0.003314778808569132,0.066190428548589
Afghanistan,AFG,2020-07-27,36253,1271,25198.0,106.0,10.0,18.0,0.0028963120293492572,78.7,154,121,0.09529791922843515,0.0033410657142675386,0.06623774497884614
Afghanistan,AFG,2020-07-28,36358,1272,25358.0,105.0,1.0,160.0,0.0028879476318830477,78.7,155,122,0.09557393173826843,0.0033436944048373797,0.06665833547002065
Afghanistan,AFG,2020-07-29,36463,1273,25389.0,105.0,1.0,31.0,0.0018923292104324752,78.7,156,123,0.0958499442481017,0.0033463230954072203,0.06673982487768572
Afghanistan,AFG,2020-07-30,36532,1283,25471.0,69.0,10.0,82.0,0.0036406438191174395,78.7,157,124,0.09603132389742071,0.003372610001105627,0.06695537750441265
Afghanistan,AFG,2020-07-31,36665,1284,25509.0,133.0,1.0,38.0,0.0009545888449475903,78.7,158,125,0.09638093974320952,0.003375238691675468,0.0670552677460666
Afghanistan,AFG,2020-08-01,36700,1285,25509.0,35.0,1.0,0.0,2.724795640318689e-05,78.7,159,126,0.09647294391315395,0.003377867382245309,0.0670552677460666
Afghanistan,AFG,2020-08-02,36701,1286,25510.0,1.0,1.0,1.0,0.0009808997030054112,78.7,160,127,0.09647557260372379,0.0033804960728151495,0.06705789643663644
Afghanistan,AFG,2020-08-03,36737,1290,25669.0,36.0,4.0,159.0,0.0009799384816397971,78.7,161,128,0.09657020546423806,0.003391010835094512,0.06747585823724112
Afghanistan,AFG,2020-08-04,36773,1290,25669.0,36.0,0.0,0.0,0.0012781116580100615,75.0,162,129,0.09666483832475233,0.003391010835094512,0.06747585823724112
Afghanistan,AFG,2020-08-05,36820,1296,25742.0,47.0,6.0,73.0,0.002933188484519178,71.3,163,130,0.09678838678153484,0.0034067829785135563,0.06766775264883948
Afghanistan,AFG,2020-08-06,36928,1301,25840.0,108.0,5.0,98.0,0.0021122183708839337,71.3,164,131,0.09707228536307763,0.00341992643136276,0.06792536432468388
Afghanistan,AFG,2020-08-07,37006,1310,25903.0,78.0,9.0,63.0,0.0010809057990595061,71.3,165,132,0.0972773232275252,0.003443584646491326,0.06809097183058384
Afghanistan,AFG,2020-08-08,37046,1315,25960.0,40.0,5.0,57.0,0.0009987583004913425,71.3,166,133,0.09738247085031884,0.00345672809934053,0.06824080719306476
Afghanistan,AFG,2020-08-09,37083,1321,25960.0,37.0,6.0,0.0,0.0018876574171453608,71.3,167,134,0.09747973240140294,0.003472500242759574,0.06824080719306476
Afghanistan,AFG,2020-08-10,37153,1329,26228.0,70.0,8.0,268.0,0.0028799827739347528,71.3,168,135,0.09766374074129179,0.0034935297673182996,0.06894529626578207
Afghanistan,AFG,2020-08-11,37260,1346,26415.0,107.0,17.0,187.0,0.0020397208803006883,71.3,169,136,0.09794501063226475,0.0035382175070055918,0.06943686140234227
Afghanistan,AFG,2020-08-12,37336,1356,26694.0,76.0,10.0,279.0,0.0023034068995071433,71.3,170,137,0.09814479111557264,0.003564504412703999,0.07017026607132784
Afghanistan,AFG,2020-08-13,37422,1365,26714.0,86.0,9.0,20.0,0.0020041686708354156,71.3,171,138,0.09837085850457894,0.0035881626278325652,0.07022283988272465
Afghanistan,AFG,2020-08-14,37497,1370,26714.0,75.0,5.0,0.0,0.0012000960076805622,71.3,172,139,0.098568010297317,0.003601306080681769,0.07022283988272465
Afghanistan,AFG,2020-08-15,37542,1371,27166.0,45.0,1.0,452.0,0.001278568003835634,60.19,173,140,0.09868630137295983,0.0036039347712516095,0.07141100802029265
Afghanistan,AFG,2020-08-16,37590,1376,27166.0,48.0,5.0,0.0,0.0020484171322159295,60.19,174,141,0.09881247852031218,0.003617078224100813,0.07141100802029265
Afghanistan,AFG,2020-08-17,37667,1378,27166.0,77.0,2.0,0.0,0.00114158281785115,60.19,175,142,0.09901488769418991,0.0036223356052404944,0.07141100802029265
Afghanistan,AFG,2020-08-18,37710,1382,27166.0,43.0,4.0,0.0,0.0010607265977193858,48.15,176,143,0.09912792138869307,0.0036328503675198574,0.07141100802029265
Afghanistan,AFG,2020-08-19,37750,1384,27166.0,40.0,2.0,0.0,0.002701986754966912,48.15,177,144,0.0992330690114867,0.0036381077486595387,0.07141100802029265
Afghanistan,AFG,2020-08-20,37852,1386,27681.0,102.0,2.0,515.0,0.0008718165486631957,48.15,178,145,0.09950119544961045,0.00364336512979922,0.07276478366376062
Afghanistan,AFG,2020-08-21,37885,1386,28016.0,33.0,0.0,335.0,0.0015573445954863985,48.15,179,146,0.09958794223841519,0.00364336512979922,0.07364539500465725
Afghanistan,AFG,2020-08-22,37944,1386,28016.0,59.0,0.0,0.0,0.0012123128821421858,48.15,180,147,0.0997430349820358,0.00364336512979922,0.07364539500465725
Afghanistan,AFG,2020-08-23,37990,1388,28180.0,46.0,2.0,164.0,0.0014477494077389519,48.15,181,148,0.09986395474824847,0.0036486225109389017,0.07407650025811113
Afghanistan,AFG,2020-08-24,38045,1390,28360.0,55.0,2.0,180.0,0.0004205546063871246,48.15,182,149,0.1000085327295897,0.003653879892078583,0.07454966456068246
Afghanistan,AFG,2020-08-25,38061,1398,28440.0,16.0,8.0,80.0,0.0011034917632222196,48.15,183,150,0.10005059177870715,0.0036749094166373085,0.0747599598062697
Afghanistan,AFG,2020-08-26,38103,1402,29042.0,42.0,4.0,602.0,0.00041991444243238973,21.3,184,151,0.10016099678264047,0.0036854241789166715,0.07634243152931382
Afghanistan,AFG,2020-08-27,38119,1402,29046.0,16.0,0.0,4.0,0.0002885700044596984,21.3,185,152,0.10020305583175791,0.0036854241789166715,0.07635294629159319
Afghanistan,AFG,2020-08-28,38130,1403,29059.0,11.0,1.0,13.0,7.867820613682852e-05,21.3,186,153,0.10023197142802616,0.003688052869486512,0.0763871192690011
Afghanistan,AFG,2020-08-29,38133,1403,29063.0,3.0,0.0,4.0,0.0005769281200009857,21.3,187,154,0.10023985749973569,0.003688052869486512,0.07639763403128047
Afghanistan,AFG,2020-08-30,38155,1403,29089.0,22.0,0.0,26.0,0.0001048355392478939,21.3,188,155,0.10029768869227218,0.003688052869486512,0.07646597998609633
Afghanistan,AFG,2020-08-31,38159,1403,29089.0,4.0,0.0,0.0,0.0008910086742315304,21.3,189,156,0.10030820345455155,0.003688052869486512,0.07646597998609633
Afghanistan,AFG,2020-09-01,38193,1407,29231.0,34.0,4.0,142.0,0.0013091404184013555,21.3,190,157,0.10039757893392613,0.003698567631765875,0.07683925404701371
Afghanistan,AFG,2020-09-02,38243,1410,29315.0,50.0,3.0,84.0,0.0011766859294510823,21.3,191,158,0.10052901346241816,0.003706453703475397,0.07706006405488033
Afghanistan,AFG,2020-09-03,38288,1410,29390.0,45.0,0.0,75.0,0.0004178854993732717,21.3,192,159,0.10064730453806099,0.003706453703475397,0.07725721584761838
Afghanistan,AFG,2020-09-04,38304,1410,29713.0,16.0,0.0,323.0,0.0005221386800333683,21.3,193,160,0.10068936358717845,0.003706453703475397,0.07810628290167693
Afghanistan,AFG,2020-09-05,38324,1410,30082.0,20.0,0.0,369.0,0.00193090491597947,21.3,194,161,0.10074193739857526,0.003706453703475397,0.07907626972194816
Afghanistan,AFG,2020-09-06,38398,1413,30537.0,74.0,3.0,455.0,0.0025001302151153038,21.3,195,162,0.10093646050074347,0.0037143397751849194,0.08027232393122567
Afghanistan,AFG,2020-09-07,38494,1416,30557.0,96.0,3.0,20.0,0.0006754299371329875,21.3,196,163,0.10118881479544818,0.0037222258468944413,0.08032489774262248
Afghanistan,AFG,2020-09-08,38520,1419,30715.0,26.0,3.0,158.0,0.0006230529595014911,21.3,197,164,0.10125716075026404,0.0037301119186039632,0.08074023085265732
Afghanistan,AFG,2020-09-09,38544,1421,31048.0,24.0,2.0,333.0,0.000726442507264391,21.3,198,165,0.10132024932394021,0.003735369299743645,0.08161558481241428
Afghanistan,AFG,2020-09-10,38572,1421,31129.0,28.0,0.0,81.0,0.0008814684226901015,21.3,199,166,0.10139385265989576,0.003735369299743645,0.08182850874857137
Afghanistan,AFG,2020-09-11,38606,1421,31154.0,34.0,0.0,25.0,0.0009065948298192517,21.3,200,167,0.10148322813927034,0.003735369299743645,0.08189422601281739
Afghanistan,AFG,2020-09-12,38641,1421,31234.0,35.0,0.0,80.0,0.0019409435573614076,21.3,201,168,0.10157523230921477,0.003735369299743645,0.08210452125840464
Afghanistan,AFG,2020-09-13,38716,1421,31638.0,75.0,0.0,404.0,0.0014464304163652741,21.3,202,169,0.10177238410195281,0.003735369299743645,0.08316651224862029
Afghanistan,AFG,2020-09-14,38772,1427,32073.0,56.0,6.0,435.0,0.001109047766429283,21.3,203,170,0.1019195907738639,0.003751141443162689,0.084309992646501
Afghanistan,AFG,2020-09-15,38815,1428,32098.0,43.0,1.0,25.0,0.0010305294344969962,21.3,204,171,0.10203262446836704,0.00375377013373253,0.08437570991074701
Afghanistan,AFG,2020-09-16,38855,1438,32503.0,40.0,10.0,405.0,0.00043752412816888686,21.3,205,172,0.10213777209116068,0.0037800570394309367,0.0854403295915325
Afghanistan,AFG,2020-09-17,38872,1438,32505.0,17.0,0.0,2.0,0.0006431364478287627,21.3,206,173,0.10218245983084796,0.0037800570394309367,0.08544558697267218
Afghanistan,AFG,2020-09-18,38897,1439,32576.0,25.0,1.0,71.0,0.0005655963184820756,21.3,207,174,0.10224817709509398,0.0037826857300007777,0.08563222400313088
Afghanistan,AFG,2020-09-19,38919,1439,32576.0,22.0,0.0,0.0,0.003211798864307891,21.3,208,175,0.10230600828763048,0.0037826857300007777,0.08563222400313088
Afghanistan,AFG,2020-09-20,39044,1443,32576.0,125.0,4.0,0.0,0.0007683638971416329,21.3,209,176,0.10263459460886057,0.0037932004922801403,0.08563222400313088
Afghanistan,AFG,2020-09-21,39074,1446,32576.0,30.0,3.0,0.0,0.0005630342427189738,21.3,210,177,0.10271345532595579,0.0038010865639896627,0.08563222400313088
Afghanistan,AFG,2020-09-22,39096,1447,32576.0,22.0,1.0,0.0,0.0012533251483528574,28.7,211,178,0.10277128651849228,0.0038037152545595033,0.08563222400313088
Afghanistan,AFG,2020-09-23,39145,1448,32610.0,49.0,1.0,34.0,0.0006386511687317409,28.7,212,179,0.10290009235641448,0.003806343945129344,0.08572159948250546
Afghanistan,AFG,2020-09-24,39170,1453,32619.0,25.0,5.0,9.0,0.0004084758743936323,28.7,213,180,0.1029658096206605,0.0038194873979785476,0.08574525769763403
Afghanistan,AFG,2020-09-25,39186,1453,32619.0,16.0,0.0,0.0,0.0001531159087428957,28.7,214,181,0.10300786866977794,0.0038194873979785476,0.08574525769763403
Afghanistan,AFG,2020-09-26,39192,1455,32635.0,6.0,2.0,16.0,0.0008930393957951033,28.7,215,182,0.103023640813197,0.003824744779118229,0.08578731674675148
Afghanistan,AFG,2020-09-27,39227,1455,32642.0,35.0,0.0,7.0,0.00030591174446170655,28.7,216,183,0.10311564498314142,0.003824744779118229,0.08580571758074036
Afghanistan,AFG,2020-09-28,39239,1458,32642.0,12.0,3.0,0.0,0.00038227273885671487,28.7,217,184,0.10314718926997951,0.003832630850827751,0.08580571758074036
Afghanistan,AFG,2020-09-29,39254,1460,32746.0,15.0,2.0,104.0,0.0003566515514341617,28.7,218,185,0.10318661962852711,0.0038378882319674325,0.0860791014000038
Afghanistan,AFG,2020-09-30,39268,1460,32789.0,14.0,0.0,43.0,0.00043292248140969214,28.7,219,186,0.10322342129650489,0.0038378882319674325,0.08619213509450695
Afghanistan,AFG,2020-10-01,39285,1460,32842.0,17.0,0.0,53.0,0.00012727504136433865,28.7,220,187,0.10326810903619218,0.0038378882319674325,0.0863314556947085
Afghanistan,AFG,2020-10-02,39290,1460,32842.0,5.0,0.0,0.0,0.0001781623822856293,28.7,221,188,0.10328125248904138,0.0038378882319674325,0.0863314556947085
Afghanistan,AFG,2020-10-03,39297,1464,32842.0,7.0,4.0,0.0,0.0011196783469475946,25.0,222,189,0.10329965332303027,0.003848402994246795,0.0863314556947085
Afghanistan,AFG,2020-10-04,39341,1464,32852.0,44.0,0.0,10.0,0.0020589207188428382,25.0,223,190,0.10341531570810326,0.003848402994246795,0.0863577426004069
Afghanistan,AFG,2020-10-05,39422,1468,32879.0,81.0,4.0,27.0,0.0016234589822941015,25.0,224,191,0.10362823964426035,0.003858917756526158,0.08642871724579261
Afghanistan,AFG,2020-10-06,39486,1469,32977.0,64.0,1.0,98.0,0.0015701767715139425,16.67,225,192,0.10379647584073017,0.0038615464470959987,0.086686328921637
Afghanistan,AFG,2020-10-07,39548,1471,33045.0,62.0,2.0,68.0,0.0017194295539597615,16.67,226,193,0.10395945465606028,0.0038668038282356804,0.08686507988038616
Afghanistan,AFG,2020-10-08,39616,1472,33058.0,68.0,1.0,13.0,0.0019436591276251747,16.67,227,194,0.10413820561480945,0.003869432518805521,0.0868992528577941
Afghanistan,AFG,2020-10-09,39693,1474,33058.0,77.0,2.0,0.0,0.00025193359030550866,16.67,228,195,0.10434061478868718,0.0038746898999452023,0.0868992528577941
Afghanistan,AFG,2020-10-10,39703,1475,33064.0,10.0,1.0,6.0,0.0024179533032768763,16.67,229,196,0.10436690169438559,0.003877318590515043,0.08691502500121315
Afghanistan,AFG,2020-10-11,39799,1479,33114.0,96.0,4.0,50.0,0.0017839644212165329,16.67,230,197,0.1046192559890903,0.003887833352794406,0.08704645952970518
Afghanistan,AFG,2020-10-12,39870,1481,33118.0,71.0,2.0,4.0,0.0014547278655629992,16.67,231,198,0.104805893019549,0.003893090733934087,0.08705697429198454
Afghanistan,AFG,2020-10-13,39928,1482,33308.0,58.0,1.0,190.0,0.0016529753556402405,16.67,232,199,0.10495835707259975,0.003895719424503928,0.08755642550025428
Afghanistan,AFG,2020-10-14,39994,1483,33354.0,66.0,1.0,46.0,0.0008001200180027812,16.67,233,200,0.10513185065020925,0.0038983481150737685,0.08767734526646695
Afghanistan,AFG,2020-10-15,40026,1483,33447.0,32.0,0.0,93.0,0.0015489931544496738,16.67,234,201,0.10521596874844415,0.0038983481150737685,0.08792181348946213
Afghanistan,AFG,2020-10-16,40088,1487,33516.0,62.0,4.0,69.0,0.0013220913989224758,16.67,235,202,0.10537894756377426,0.003908862877353132,0.08810319313878114
Afghanistan,AFG,2020-10-17,40141,1490,33561.0,53.0,3.0,45.0,0.0014698188884183505,16.67,236,203,0.10551826816397583,0.003916748949062653,0.08822148421442397
Afghanistan,AFG,2020-10-18,40200,1494,33614.0,59.0,4.0,53.0,0.002164179104477526,16.67,237,204,0.10567336090759642,0.003927263711342017,0.08836080481462553
Afghanistan,AFG,2020-10-19,40287,1499,33760.0,87.0,5.0,146.0,0.002035396033460035,16.67,238,205,0.10590205698717257,0.00394040716419122,0.08874459363782228
Afghanistan,AFG,2020-10-20,40369,1501,33790.0,82.0,2.0,30.0,0.003492779112685529,16.67,239,206,0.1061176096138995,0.003945664545330902,0.0888234543549175
Afghanistan,AFG,2020-10-21,40510,1503,33824.0,141.0,2.0,34.0,0.0028634904961737373,16.67,240,207,0.10648825498424705,0.003950921926470583,0.08891282983429208
Afghanistan,AFG,2020-10-22,40626,1507,33831.0,116.0,4.0,7.0,0.0015015015015014122,16.67,241,208,0.10679318309034856,0.003961436688749946,0.08893123066828096
Afghanistan,AFG,2020-10-23,40687,1509,34010.0,61.0,2.0,179.0,0.0019908078747512548,16.67,242,209,0.10695353321510885,0.003966694069889627,0.08940176628028244
Afghanistan,AFG,2020-10-24,40768,1513,34023.0,81.0,4.0,13.0,0.0015943877551021224,16.67,243,210,0.10716645715126595,0.00397720883216899,0.08943593925769038
Afghanistan,AFG,2020-10-25,40833,1516,34129.0,65.0,3.0,106.0,0.002546959567016893,16.67,244,211,0.1073373220383056,0.003985094903878512,0.0897145804580935
Afghanistan,AFG,2020-10-26,40937,1520,34150.0,104.0,4.0,21.0,0.0023206390307057845,16.67,245,212,0.10761070585756903,0.003995609666157875,0.08976978296006015
Afghanistan,AFG,2020-10-27,41032,1525,34217.0,95.0,5.0,67.0,0.002753948138038531,9.26,246,213,0.10786043146170389,0.004008753119007079,0.08994590522823948
Afghanistan,AFG,2020-10-28,41145,1531,34237.0,113.0,6.0,20.0,0.0029894276339774706,9.26,247,214,0.10815747349609589,0.004024525262426123,0.08999847903963629
Afghanistan,AFG,2020-10-29,41268,1534,34239.0,123.0,3.0,2.0,0.001599302122710089,9.26,248,215,0.1084808024361863,0.004032411334135645,0.09000373642077597
Afghanistan,AFG,2020-10-30,41334,1535,34258.0,66.0,1.0,19.0,0.0022015773939130234,9.26,249,216,0.1086542960137958,0.004035040024705485,0.09005368154160294
Afghanistan,AFG,2020-10-31,41425,1538,34321.0,91.0,3.0,63.0,0.0018346409173204403,9.26,250,217,0.10889350685565129,0.0040429260964150076,0.09021928904750291
Afghanistan,AFG,2020-11-01,41501,1538,34326.0,76.0,0.0,5.0,0.003180646249487884,9.26,251,218,0.10909328733895919,0.0040429260964150076,0.09023243250035211
Afghanistan,AFG,2020-11-02,41633,1544,34342.0,132.0,6.0,16.0,0.0022818437297336125,9.26,252,219,0.10944027449417816,0.004058698239834051,0.09027449154946957
Afghanistan,AFG,2020-11-03,41728,1547,34355.0,95.0,3.0,13.0,0.002060966257668717,9.26,253,220,0.10969000009831303,0.004066584311543574,0.0903086645268775
Afghanistan,AFG,2020-11-04,41814,1551,34362.0,86.0,4.0,7.0,0.002893767637633271,9.26,254,221,0.10991606748731933,0.004077099073822937,0.09032706536086638
Afghanistan,AFG,2020-11-05,41935,1557,34440.0,121.0,6.0,78.0,0.0009538571598903811,9.26,255,222,0.11023413904627005,0.004092871217241981,0.09053210322531395
Afghanistan,AFG,2020-11-06,41975,1557,34440.0,40.0,0.0,0.0,0.0013817748659916695,9.26,256,223,0.11033928666906369,0.004092871217241981,0.09053210322531395
Afghanistan,AFG,2020-11-07,42033,1559,34446.0,58.0,2.0,6.0,0.002997644707729563,9.26,257,224,0.11049175072211444,0.004098128598381662,0.090547875368733
Afghanistan,AFG,2020-11-08,42159,1565,34458.0,126.0,6.0,12.0,0.003273322422258529,9.26,258,225,0.11082296573391437,0.004113900741800707,0.09057941965557109
Afghanistan,AFG,2020-11-09,42297,1577,34721.0,138.0,12.0,263.0,0.003924628224224014,12.04,259,226,0.11118572503255239,0.0041454450286387955,0.09127076527543919
Afghanistan,AFG,2020-11-10,42463,1580,34954.0,166.0,3.0,233.0,0.0034382874502507654,12.04,260,227,0.11162208766714594,0.004153331100348317,0.09188325017821208
Afghanistan,AFG,2020-11-11,42609,1584,34967.0,146.0,4.0,13.0,0.004365274941913633,12.04,261,228,0.11200587649034269,0.0041638458626276804,0.09191742315562
Afghanistan,AFG,2020-11-12,42795,1594,35024.0,186.0,10.0,57.0,0.004065895548545306,12.04,262,229,0.11249481293633307,0.004190132768326087,0.09206725851810092
Afghanistan,AFG,2020-11-13,42969,1598,35036.0,174.0,4.0,12.0,0.0015359910633248042,12.04,263,230,0.11295220509548534,0.00420064753060545,0.09209880280493901
Afghanistan,AFG,2020-11-14,43035,1608,35067.0,66.0,10.0,31.0,0.004763564540490206,12.04,264,231,0.11312569867309483,0.004226934436303857,0.09218029221260407
Afghanistan,AFG,2020-11-15,43240,1620,35092.0,205.0,12.0,25.0,0.005272895467160144,12.04,265,232,0.11366458023991217,0.004258478723141945,0.09224600947685009
Afghanistan,AFG,2020-11-16,43468,1635,35137.0,228.0,15.0,45.0,0.004900156436919101,12.04,266,233,0.11426392168983586,0.004297909081689556,0.09236430055249292
Afghanistan,AFG,2020-11-17,43681,1641,35160.0,213.0,6.0,23.0,0.005563059453767005,12.04,267,234,0.11482383278121193,0.004313681225108601,0.09242476043559926
Afghanistan,AFG,2020-11-18,43924,1648,35295.0,243.0,7.0,135.0,0.0057599490028230615,12.04,268,235,0.11546260458968322,0.004332082059097486,0.09277963366252776
Afghanistan,AFG,2020-11-19,44177,1653,35350.0,253.0,5.0,55.0,0.00421033569504492,12.04,269,236,0.11612766330385292,0.0043452255119466885,0.09292421164386899
Afghanistan,AFG,2020-11-20,44363,1666,35370.0,186.0,13.0,20.0,0.0031557829722967945,12.04,270,237,0.11661659974984329,0.004379398489354618,0.09297678545526582
Afghanistan,AFG,2020-11-21,44503,1678,35422.0,140.0,12.0,52.0,0.004561490236613341,12.04,271,238,0.11698461642962099,0.004410942776192707,0.09311347736489753
Afghanistan,AFG,2020-11-22,44706,1690,35934.0,203.0,12.0,512.0,0.006307878137162826,12.04,272,239,0.11751824061529866,0.004442487063030795,0.09445936693665596
Afghanistan,AFG,2020-11-23,44988,1702,35976.0,282.0,12.0,42.0,0.004134435849559859,12.04,273,240,0.11825953135599374,0.004474031349868884,0.09456977194058928
Afghanistan,AFG,2020-11-24,45174,1715,36122.0,186.0,13.0,146.0,0.00464869172532878,12.04,274,241,0.1187484678019841,0.0045082043272768125,0.09495356076378603
Afghanistan,AFG,2020-11-25,45384,1728,36145.0,210.0,13.0,23.0,0.004759386567953383,12.04,275,242,0.11930049282165066,0.004542377304684742,0.09501402064689236
Afghanistan,AFG,2020-11-26,45600,1737,36232.0,216.0,9.0,87.0,0.002697368421052726,12.04,276,243,0.11986828998473624,0.004566035519813308,0.0952427167264685
Afghanistan,AFG,2020-11-27,45723,1740,36295.0,123.0,3.0,63.0,0.00264637053561656,12.04,277,244,0.12019161892482665,0.004573921591522831,0.09540832423236846
Afghanistan,AFG,2020-11-28,45844,1752,36709.0,121.0,12.0,414.0,0.0059331646453189,12.04,278,245,0.12050969048377738,0.004605465878360919,0.09649660212828252
Afghanistan,AFG,2020-11-29,46116,1774,36716.0,272.0,22.0,7.0,0.003426142770404983,12.04,279,246,0.12122469431877406,0.004663297070897414,0.0965150029622714
Afghanistan,AFG,2020-11-30,46274,1795,36831.0,158.0,21.0,115.0,0.005229718632493441,12.04,280,247,0.12164002742880888,0.00471849957286407,0.09681730237780309
Afghanistan,AFG,2020-12-01,46516,1822,36946.0,242.0,27.0,115.0,0.004342591796371087,12.04,281,248,0.12227617054671033,0.004789474218249768,0.09711960179333477
Afghanistan,AFG,2020-12-02,46718,1841,37218.0,202.0,19.0,272.0,0.0025471980821096807,12.04,282,249,0.12280716604181816,0.004839419339076742,0.09783460562833143
Afghanistan,AFG,2020-12-03,46837,1846,37260.0,119.0,5.0,42.0,0.0,12.04,283,250,0.1231199802196292,0.004852562791925945,0.09794501063226475
Afghanistan,AFG,2020-12-04,46837,1846,37260.0,0.0,0.0,0.0,0.005017400772893144,12.04,284,251,0.1231199802196292,0.004852562791925945,0.09794501063226475
Afghanistan,AFG,2020-12-05,47072,1864,37393.0,235.0,18.0,133.0,0.004971108089734777,12.04,285,252,0.12373772250354177,0.004899879222183078,0.09829462647805357
Afghanistan,AFG,2020-12-06,47306,1874,37685.0,234.0,10.0,292.0,0.004439183190293017,12.04,286,253,0.1243528360968845,0.004926166127881485,0.09906220412444705
Afghanistan,AFG,2020-12-07,47516,1900,37879.0,210.0,26.0,194.0,0.00420910851081735,12.04,287,254,0.12490486111655104,0.004994512082697343,0.09957217009499615
Afghanistan,AFG,2020-12-08,47716,1906,37920.0,200.0,6.0,41.0,0.0028292396680358323,12.04,288,255,0.1254305992305192,0.005010284226116388,0.09967994640835962
Afghanistan,AFG,2020-12-09,47851,1919,38032.0,135.0,13.0,112.0,0.0042214373785292025,12.04,289,256,0.12578547245744767,0.005044457203524317,0.09997435975218177
Afghanistan,AFG,2020-12-10,48053,1935,38099.0,202.0,16.0,67.0,0.0013110523796642237,12.04,290,257,0.1263164679525555,0.005086516252641768,0.1001504820203611
Afghanistan,AFG,2020-12-11,48116,1945,38141.0,63.0,10.0,42.0,0.0023484911463962366,12.04,291,258,0.12648207545845547,0.005112803158340175,0.1002608870242944
Afghanistan,AFG,2020-12-12,48229,1956,38200.0,113.0,11.0,59.0,0.006178855045719356,12.04,292,259,0.12677911749284745,0.0051417187546084235,0.10041597976791501
Afghanistan,AFG,2020-12-13,48527,1965,38250.0,298.0,9.0,50.0,0.0039359531807035,12.04,293,260,0.12756246728266,0.00516537696973699,0.10054741429640705
Afghanistan,AFG,2020-12-14,48718,1969,38252.0,191.0,4.0,2.0,0.004803152838786406,12.04,294,261,0.12806454718149957,0.005175891732016352,0.10055267167754672
Afghanistan,AFG,2020-12-15,48952,1995,38336.0,234.0,26.0,84.0,0.004269488478509498,12.04,295,262,0.1286796607748423,0.005244237686832211,0.10077348168541335
Afghanistan,AFG,2020-12-16,49161,2011,38475.0,209.0,16.0,139.0,0.004414068062081666,12.04,296,263,0.129229057103939,0.005286296735949662,0.10113886967462121
Afghanistan,AFG,2020-12-17,49378,2025,38505.0,217.0,14.0,30.0,0.004921219976507851,12.04,297,264,0.12979948295759444,0.005323098403927432,0.10121773039171643
Afghanistan,AFG,2020-12-18,49621,2030,38540.0,243.0,5.0,35.0,0.0012091654742951707,12.04,298,265,0.13043825476606574,0.005336241856776635,0.10130973456166086
Afghanistan,AFG,2020-12-19,49681,2047,38613.0,60.0,17.0,73.0,0.002737465026871444,12.04,299,266,0.13059597620025618,0.005380929596463927,0.10150162897325922
Afghanistan,AFG,2020-12-20,49817,2067,39006.0,136.0,20.0,393.0,0.003934399903647412,12.04,300,267,0.1309534781177545,0.005433503407860742,0.10253470436720662
Afghanistan,AFG,2020-12-21,50013,2082,39508.0,196.0,15.0,502.0,0.0035390798392418432,12.04,301,268,0.13146870146944328,0.005472933766408352,0.10385430703326666
Afghanistan,AFG,2020-12-22,50190,2096,39585.0,177.0,14.0,77.0,0.00484160191273153,12.04,302,269,0.1319339797003051,0.0055097354343861225,0.10405671620714439
Afghanistan,AFG,2020-12-23,50433,2117,39692.0,243.0,21.0,107.0,0.004401879721610769,12.04,303,270,0.13257275150877637,0.005564937936352777,0.10433798609811734
Afghanistan,AFG,2020-12-24,50655,2126,40359.0,222.0,9.0,667.0,0.0030599151120322965,12.04,304,271,0.13315632081528103,0.0055885961514813435,0.1060913227082011
Afghanistan,AFG,2020-12-25,50810,2139,40444.0,155.0,13.0,85.0,0.0014957685494980666,12.04,305,272,0.13356376785360632,0.005622769128889272,0.10631476140663756
Afghanistan,AFG,2020-12-26,50886,2149,40784.0,76.0,10.0,340.0,0.0030067209055535393,12.04,306,273,0.13376354833691423,0.0056490560345876795,0.1072085162003834
Afghanistan,AFG,2020-12-27,51039,2160,41096.0,153.0,11.0,312.0,0.004721879347165947,12.04,307,274,0.13416573799409987,0.005677971630855928,0.1080286676581737
Afghanistan,AFG,2020-12-28,51280,2174,41441.0,241.0,14.0,345.0,0.001365054602184168,12.04,308,275,0.13479925242143145,0.005714773298833698,0.10893556590476874
Afghanistan,AFG,2020-12-29,51350,2179,41543.0,70.0,5.0,102.0,0.0010710808179161813,12.04,309,276,0.1349832607613203,0.005727916751682901,0.1092036923428925
Afghanistan,AFG,2020-12-30,51405,2181,41612.0,55.0,2.0,69.0,0.0023538566287326645,12.04,310,277,0.13512783874266154,0.0057331741328225825,0.10938507199221151
Afghanistan,AFG,2020-12-31,51526,2191,41727.0,121.0,10.0,115.0,0.0,12.04,311,278,0.13544591030161227,0.005759461038520989,0.10968737140774319
Afghanistan,AFG,2021-01-01,51526,2191,41727.0,0.0,0.0,0.0,0.0,12.04,312,279,0.13544591030161227,0.005759461038520989,0.10968737140774319
Afghanistan,AFG,2021-01-02,51526,2191,41727.0,0.0,0.0,0.0,0.0,12.04,313,280,0.13544591030161227,0.005759461038520989,0.10968737140774319
Afghanistan,AFG,2021-01-03,51526,2191,41727.0,0.0,0.0,0.0,0.02882040135077446,12.04,314,281,0.13544591030161227,0.005759461038520989,0.10968737140774319
Afghanistan,AFG,2021-01-04,53011,2237,42530.0,1485.0,46.0,803.0,0.0017732168795154823,12.04,315,282,0.13934951579782573,0.005880380804733662,0.11179820993532527
Afghanistan,AFG,2021-01-05,53105,2244,42666.0,94.0,7.0,136.0,0.0,12.04,316,283,0.13959661271139076,0.005898781638722547,0.11215571185282361
Afghanistan,AFG,2021-01-06,53105,2244,42666.0,0.0,0.0,0.0,0.0019207230957536403,12.04,317,284,0.13959661271139076,0.005898781638722547,0.11215571185282361
Afghanistan,AFG,2021-01-07,53207,2253,43291.0,102.0,9.0,625.0,0.002349314939763536,12.04,318,285,0.1398647391495145,0.005922439853851113,0.11379864345897406
Afghanistan,AFG,2021-01-08,53332,2257,43440.0,125.0,4.0,149.0,0.001275031875796806,12.04,319,286,0.1401933254707446,0.005932954616130476,0.11419031835388031
Afghanistan,AFG,2021-01-09,53400,2264,43740.0,68.0,7.0,300.0,0.0016666666666667052,12.04,320,287,0.14037207642949376,0.005951355450119361,0.11497892552483253
Afghanistan,AFG,2021-01-10,53489,2277,43948.0,89.0,13.0,208.0,0.0009160762025837155,12.04,321,288,0.1406060298902096,0.00598552842752729,0.1155256931633594
Afghanistan,AFG,2021-01-11,53538,2288,44137.0,49.0,11.0,189.0,0.0008592028092195836,12.04,322,289,0.14073483572813178,0.006014444023795538,0.11602251568105929
Afghanistan,AFG,2021-01-12,53584,2301,44608.0,46.0,13.0,471.0,0.0,12.04,323,290,0.14085575549434445,0.006048617001203467,0.11726062893945427
Afghanistan,AFG,2021-01-13,53584,2301,44850.0,0.0,0.0,242.0,0.0035644968647357,12.04,324,291,0.14085575549434445,0.006048617001203467,0.11789677205735571
Afghanistan,AFG,2021-01-14,53775,2314,45298.0,191.0,13.0,448.0,0.0010413761041376812,12.04,325,292,0.14135783539318403,0.006082789978611397,0.11907442543264435
Afghanistan,AFG,2021-01-15,53831,2324,45434.0,56.0,10.0,136.0,0.0019877022533485444,12.04,326,293,0.1415050420650951,0.006109076884309803,0.11943192735014269
Afghanistan,AFG,2021-01-16,53938,2336,45465.0,107.0,12.0,31.0,0.0008528310282176488,12.04,327,294,0.14178631195606806,0.006140621171147892,0.11951341675780774
Afghanistan,AFG,2021-01-17,53984,2339,45868.0,46.0,3.0,403.0,0.001444872554831056,12.04,328,295,0.14190723172228073,0.006148507242857414,0.12057277905745356
Afghanistan,AFG,2021-01-18,54062,2343,46359.0,78.0,4.0,491.0,0.001461285191076911,12.04,329,296,0.14211226958672832,0.0061590220051367765,0.12186346612724534
Afghanistan,AFG,2021-01-19,54141,2346,46554.0,79.0,3.0,195.0,0.0025304298036608053,12.04,330,297,0.14231993614174573,0.006166908076846299,0.12237606078836429
Afghanistan,AFG,2021-01-20,54278,2354,46759.0,137.0,8.0,205.0,0.0023029588415195423,12.04,331,298,0.1426800667498139,0.006187937601405025,0.12291494235518162
Afghanistan,AFG,2021-01-21,54403,2363,46887.0,125.0,9.0,128.0,0.001470507141150268,12.04,332,299,0.143008653071044,0.006211595816533591,0.12325141474812124
Afghanistan,AFG,2021-01-22,54483,2370,46912.0,80.0,7.0,25.0,0.001394930528788807,12.04,333,300,0.14321894831663123,0.006229996650522476,0.12331713201236726
Afghanistan,AFG,2021-01-23,54559,2373,46943.0,76.0,3.0,31.0,0.0006598361406917608,12.04,334,301,0.14341872879993914,0.006237882722231998,0.12339862142003231
Afghanistan,AFG,2021-01-24,54595,2378,47298.0,36.0,5.0,355.0,0.0014103855664437948,12.04,335,302,0.1435133616604534,0.006251026175081202,0.12433180657232576
Afghanistan,AFG,2021-01-25,54672,2385,47365.0,77.0,7.0,67.0,0.0014266900790167458,12.04,336,303,0.14371577083433115,0.006269427009070087,0.1245079288405051
Afghanistan,AFG,2021-01-26,54750,2389,47459.0,78.0,4.0,94.0,0.0018995433789954497,12.04,337,304,0.1439208086987787,0.006279941771349449,0.12475502575407012
Afghanistan,AFG,2021-01-27,54854,2389,47549.0,104.0,0.0,90.0,0.0006745178109162087,12.04,338,305,0.14419419251804214,0.006279941771349449,0.12499160790535578
Afghanistan,AFG,2021-01-28,54891,2397,47583.0,37.0,8.0,34.0,0.0008744602940373714,12.04,339,306,0.14429145406912625,0.006300971295908175,0.12508098338473037
Afghanistan,AFG,2021-01-29,54939,2399,47606.0,48.0,2.0,23.0,0.0012559384044121824,12.04,340,307,0.1444176312164786,0.006306228677047857,0.12514144326783672
Afghanistan,AFG,2021-01-30,55008,2400,47609.0,69.0,1.0,3.0,0.00027268760907506184,12.04,341,308,0.14459901086579763,0.006308857367617697,0.12514932933954623
Afghanistan,AFG,2021-01-31,55023,2400,47679.0,15.0,0.0,70.0,0.0006542718499535916,12.04,342,309,0.14463844122434522,0.006308857367617697,0.12533333767943508
Afghanistan,AFG,2021-02-01,55059,2404,47723.0,36.0,4.0,44.0,0.001126064766886481,12.04,343,310,0.1447330740848595,0.00631937212989706,0.12544900006450807
Afghanistan,AFG,2021-02-02,55121,2405,47798.0,62.0,1.0,75.0,0.0009615210173981037,12.04,344,311,0.14489605290018961,0.0063220008204669005,0.12564615185724612
Afghanistan,AFG,2021-02-03,55174,2406,47982.0,53.0,1.0,184.0,0.001033095298510256,12.04,345,312,0.14503537350039117,0.006324629511036742,0.12612983092209681
Afghanistan,AFG,2021-02-04,55231,2407,47995.0,57.0,1.0,13.0,0.0006155963136644793,12.04,346,313,0.1451852088628721,0.006327258201606582,0.12616400389950475
Afghanistan,AFG,2021-02-05,55265,2407,48018.0,34.0,0.0,23.0,0.0011761512711481181,12.04,347,314,0.1452745843422467,0.006327258201606582,0.12622446378261107
Afghanistan,AFG,2021-02-06,55330,2408,48027.0,65.0,1.0,9.0,9.036688957175798e-05,12.04,348,315,0.14544544922928632,0.006329886892176423,0.12624812199773963
Afghanistan,AFG,2021-02-07,55335,2410,48041.0,5.0,2.0,14.0,0.00043372187584700406,12.04,349,316,0.14545859268213554,0.006335144273316104,0.12628492366571742
Afghanistan,AFG,2021-02-08,55359,2413,48042.0,24.0,3.0,1.0,0.00045159775284964176,12.04,350,317,0.14552168125581172,0.0063430303450256265,0.12628755235628725
Afghanistan,AFG,2021-02-09,55384,2414,48109.0,25.0,1.0,67.0,0.0003250036111512866,12.04,351,318,0.14558739852005773,0.006345659035595467,0.1264636746244666
Afghanistan,AFG,2021-02-10,55402,2418,48133.0,18.0,4.0,24.0,0.0003248980181220773,12.04,352,319,0.14563471495031485,0.00635617379787483,0.12652676319814277
Afghanistan,AFG,2021-02-11,55420,2419,48279.0,18.0,1.0,146.0,0.00045110068567311146,12.04,353,320,0.14568203138057198,0.00635880248844467,0.1269105520213395
Afghanistan,AFG,2021-02-12,55445,2424,48390.0,25.0,5.0,111.0,0.0005050049598700479,12.04,354,321,0.14574774864481801,0.006371945941293874,0.12720233667459183
Afghanistan,AFG,2021-02-13,55473,2427,48392.0,28.0,3.0,2.0,0.00034250896832688227,12.04,355,322,0.14582135198077353,0.006379832013003396,0.1272075940557315
Afghanistan,AFG,2021-02-14,55492,2427,48395.0,19.0,0.0,3.0,0.0003964535428531146,12.04,356,323,0.14587129710160052,0.006379832013003396,0.12721548012744102
Afghanistan,AFG,2021-02-15,55514,2427,48433.0,22.0,0.0,38.0,7.205389631437242e-05,12.04,357,324,0.145929128294137,0.006379832013003396,0.12731537036909496
Afghanistan,AFG,2021-02-16,55518,2428,48514.0,4.0,1.0,81.0,0.0003962678770847994,12.04,358,325,0.14593964305641638,0.0063824607035732365,0.12752829430525206
Afghanistan,AFG,2021-02-17,55540,2428,48626.0,22.0,0.0,112.0,0.00030608570399714985,12.04,359,326,0.14599747424895287,0.0063824607035732365,0.12782270764907422
Afghanistan,AFG,2021-02-18,55557,2430,48798.0,17.0,2.0,172.0,0.0003239915762189849,12.04,360,327,0.14604216198864017,0.006387718084712919,0.12827484242708684
Afghanistan,AFG,2021-02-19,55575,2430,48803.0,18.0,0.0,5.0,8.996851102116565e-05,12.04,361,328,0.1460894784188973,0.006387718084712919,0.12828798587993603
Afghanistan,AFG,2021-02-20,55580,2430,48820.0,5.0,0.0,17.0,0.0004318100035984873,12.04,362,329,0.1461026218717465,0.006387718084712919,0.12833267361962333
Afghanistan,AFG,2021-02-21,55604,2432,48834.0,24.0,2.0,14.0,0.00023379612977492137,12.04,363,330,0.14616571044542268,0.0063929754658526,0.1283694752876011
Afghanistan,AFG,2021-02-22,55617,2433,48895.0,13.0,1.0,61.0,0.0005214233058237205,12.04,364,331,0.1461998834228306,0.00639560415642244,0.12852982541236138
Afghanistan,AFG,2021-02-23,55646,2435,48967.0,29.0,2.0,72.0,0.00032347338532878744,12.04,365,332,0.14627611544935598,0.006400861537562122,0.12871909113338992
Afghanistan,AFG,2021-02-24,55664,2436,49086.0,18.0,1.0,119.0,0.00028743891922955456,12.04,366,333,0.1463234318796131,0.0064034902281319625,0.12903190531120096
Afghanistan,AFG,2021-02-25,55680,2438,49281.0,16.0,2.0,195.0,0.0002873563218390718,12.04,367,334,0.14636549092873058,0.006408747609271644,0.1295444999723199
Afghanistan,AFG,2021-02-26,55696,2442,49285.0,16.0,4.0,4.0,0.00019750071818447346,12.04,368,335,0.14640754997784802,0.006419262371551007,0.12955501473459924
Afghanistan,AFG,2021-02-27,55707,2443,49288.0,11.0,1.0,3.0,0.00012565745777015636,12.04,369,336,0.14643646557411627,0.006421891062120847,0.12956290080630878
Afghanistan,AFG,2021-02-28,55714,2443,49333.0,7.0,0.0,45.0,0.0003410273898840632,12.04,370,337,0.14645486640810515,0.006421891062120847,0.1296811918819516
Afghanistan,AFG,2021-03-01,55733,2444,49344.0,19.0,1.0,11.0,0.00046650996716479654,12.04,371,338,0.14650481152893213,0.0064245197526906885,0.12971010747821984
Afghanistan,AFG,2021-03-02,55759,2446,49347.0,26.0,2.0,3.0,0.000197277569540244,12.04,372,339,0.146573157483748,0.00642977713383037,0.12971799354992938
Afghanistan,AFG,2021-03-03,55770,2446,49359.0,11.0,0.0,12.0,8.965393580773195e-05,12.04,373,340,0.14660207308001624,0.00642977713383037,0.12974953783676746
Afghanistan,AFG,2021-03-04,55775,2446,49362.0,5.0,0.0,3.0,0.0009323173464814705,12.04,374,341,0.14661521653286544,0.00642977713383037,0.129757423908477
Afghanistan,AFG,2021-03-05,55827,2449,49362.0,52.0,3.0,0.0,0.00023286223511931325,12.04,375,342,0.14675190844249716,0.006437663205539892,0.129757423908477
Afghanistan,AFG,2021-03-06,55840,2449,49369.0,13.0,0.0,7.0,0.00012535816618908235,12.04,376,343,0.1467860814199051,0.006437663205539892,0.12977582474246588
Afghanistan,AFG,2021-03-07,55847,2449,49378.0,7.0,0.0,9.0,0.000519275878740233,12.04,377,344,0.14680448225389398,0.006437663205539892,0.12979948295759444
Afghanistan,AFG,2021-03-08,55876,2451,49402.0,29.0,2.0,24.0,0.0,12.04,378,345,0.14688071428041935,0.006442920586679573,0.12986257153127062
Afghanistan,AFG,2021-03-09,55876,2451,49409.0,0.0,0.0,7.0,0.00032214188560386603,12.04,379,346,0.14688071428041935,0.006442920586679573,0.1298809723652595
Afghanistan,AFG,2021-03-10,55894,2451,49499.0,18.0,0.0,90.0,0.0004114931835259572,12.04,380,347,0.14692803071067648,0.006442920586679573,0.13011755451654516
Afghanistan,AFG,2021-03-11,55917,2451,49499.0,23.0,0.0,0.0,0.0007511132571489387,12.04,381,348,0.14698849059378283,0.006442920586679573,0.13011755451654516
Afghanistan,AFG,2021-03-12,55959,2454,49499.0,42.0,3.0,0.0,0.0,12.04,382,349,0.14709889559771613,0.006450806658389095,0.13011755451654516
Afghanistan,AFG,2021-03-13,55959,2454,49471.0,0.0,0.0,-28.0,0.0004646258868099551,12.04,383,350,0.14709889559771613,0.006450806658389095,0.13004395118058962
Afghanistan,AFG,2021-03-14,55985,2457,49477.0,26.0,3.0,6.0,0.0,12.04,384,351,0.147167241552532,0.006458692730098617,0.13005972332400867
Afghanistan,AFG,2021-03-15,55985,2459,49481.0,0.0,2.0,4.0,0.0001786192730195424,12.04,385,352,0.147167241552532,0.0064639501112382985,0.13007023808628804
Afghanistan,AFG,2021-03-16,55995,2460,49499.0,10.0,1.0,18.0,0.00037503348513268087,12.04,386,353,0.1471935284582304,0.00646657880180814,0.13011755451654516
Afghanistan,AFG,2021-03-17,56016,2460,49536.0,21.0,0.0,37.0,0.0004998571836618559,12.04,387,354,0.14724873096019706,0.00646657880180814,0.13021481606762927
Afghanistan,AFG,2021-03-18,56044,2462,49664.0,28.0,2.0,128.0,0.00044607808150742834,12.04,388,355,0.1473223342961526,0.006471836182947821,0.13055128846056888
Afghanistan,AFG,2021-03-19,56069,2462,49681.0,25.0,0.0,17.0,0.0004280440171930966,12.04,389,356,0.1473880515603986,0.006471836182947821,0.13059597620025618
Afghanistan,AFG,2021-03-20,56093,2462,49681.0,24.0,0.0,0.0,0.00017827536412751144,12.04,390,357,0.1474511401340748,0.006471836182947821,0.13059597620025618
Afghanistan,AFG,2021-03-21,56103,2463,49737.0,10.0,1.0,56.0,0.0008912179384346075,12.04,391,358,0.14747742703977318,0.006474464873517662,0.13074318287216724
Afghanistan,AFG,2021-03-22,56153,2464,49743.0,50.0,1.0,6.0,0.00042740370060379007,12.04,392,359,0.14760886156826522,0.006477093564087502,0.1307589550155863
Afghanistan,AFG,2021-03-23,56177,2466,49752.0,24.0,2.0,9.0,0.00026701319045163707,12.04,393,360,0.1476719501419414,0.006482350945227183,0.13078261323071486
Afghanistan,AFG,2021-03-24,56192,2466,49802.0,15.0,0.0,50.0,0.0006050683371299215,8.33,394,361,0.14771138050048901,0.006482350945227183,0.1309140477592069
Afghanistan,AFG,2021-03-25,56226,2467,49937.0,34.0,1.0,135.0,0.0004979902536192959,8.33,395,362,0.1478007559798636,0.0064849796357970245,0.13126892098613538
Afghanistan,AFG,2021-03-26,56254,2467,49994.0,28.0,0.0,57.0,0.00063995449212495,8.33,396,363,0.14787435931581913,0.0064849796357970245,0.1314187563486163
Afghanistan,AFG,2021-03-27,56290,2469,49994.0,36.0,2.0,0.0,7.106057914363362e-05,8.33,397,364,0.1479689921763334,0.006490237016936706,0.1314187563486163
Afghanistan,AFG,2021-03-28,56294,2470,50013.0,4.0,1.0,19.0,0.0004973887092762919,8.33,398,365,0.14797950693861275,0.006492865707506547,0.13146870146944328
Afghanistan,AFG,2021-03-29,56322,2472,50666.0,28.0,2.0,653.0,0.0011008131813501354,8.33,399,366,0.1480531102745683,0.006498123088646228,0.13318523641154928
Afghanistan,AFG,2021-03-30,56384,2476,51473.0,62.0,4.0,807.0,0.0012414869466514933,8.33,400,367,0.14821608908989842,0.006508637850925591,0.1353065897014107
Afghanistan,AFG,2021-03-31,56454,2484,51550.0,70.0,8.0,77.0,0.0011159528111381878,8.33,401,368,0.14840009742978727,0.006529667375484317,0.13550899887528844
Afghanistan,AFG,2021-04-01,56517,2489,51788.0,63.0,5.0,238.0,0.000973158518675854,8.33,402,369,0.14856570493568724,0.00654281082833352,0.13613462723091055
Afghanistan,AFG,2021-04-02,56572,2495,51798.0,55.0,6.0,10.0,0.00040656154988338855,8.33,403,370,0.14871028291702848,0.006558582971752564,0.13616091413660894
Afghanistan,AFG,2021-04-03,56595,2496,51802.0,23.0,1.0,4.0,0.001431221839385044,8.33,404,371,0.14877074280013483,0.006561211662322405,0.1361714288988883
Afghanistan,AFG,2021-04-04,56676,2497,51885.0,81.0,1.0,83.0,0.0007234102618391969,8.33,405,372,0.14898366673629193,0.006563840352892245,0.1363896102161851
Afghanistan,AFG,2021-04-05,56717,2508,51902.0,41.0,11.0,17.0,0.0010931466755998986,8.33,406,373,0.14909144304965538,0.006592755949160494,0.1364342979558724
Afghanistan,AFG,2021-04-06,56779,2512,51928.0,62.0,4.0,26.0,0.0016555416615298135,8.33,407,374,0.1492544218649855,0.006603270711439856,0.13650264391068825
Afghanistan,AFG,2021-04-07,56873,2512,51940.0,94.0,0.0,12.0,0.0012308125120883417,8.33,408,375,0.14950151877855053,0.006603270711439856,0.13653418819752633
Afghanistan,AFG,2021-04-08,56943,2516,51956.0,70.0,4.0,16.0,0.001334668001334638,8.33,409,376,0.14968552711843938,0.006613785473719219,0.13657624724664377
Afghanistan,AFG,2021-04-09,57019,2521,51961.0,76.0,5.0,5.0,0.0021922517055719126,8.33,410,377,0.1498853076017473,0.0066269289265684225,0.136589390699493
Afghanistan,AFG,2021-04-10,57144,2521,51962.0,125.0,0.0,1.0,0.0002799944001119492,8.33,411,378,0.15021389392297738,0.0066269289265684225,0.13659201939006282
Afghanistan,AFG,2021-04-11,57160,2521,51989.0,16.0,0.0,27.0,0.0014345696291113708,8.33,412,379,0.15025595297209482,0.0066269289265684225,0.13666299403544852
Afghanistan,AFG,2021-04-12,57242,2529,52005.0,82.0,8.0,16.0,0.0021313021906992358,8.33,413,380,0.15047150559882175,0.0066479584511271485,0.136705053084566
Afghanistan,AFG,2021-04-13,57364,2529,52013.0,122.0,0.0,8.0,0.0022313646189247027,8.33,414,381,0.15079220584834233,0.0066479584511271485,0.1367260826091247
Afghanistan,AFG,2021-04-14,57492,2532,52022.0,128.0,3.0,9.0,0.000730536422458794,8.33,415,382,0.15112867824128193,0.006655844522836671,0.13674974082425326
Afghanistan,AFG,2021-04-15,57534,2533,52083.0,42.0,1.0,61.0,0.0013557200959433136,8.33,416,383,0.15123908324521523,0.006658473213406511,0.13691009094901355
Afghanistan,AFG,2021-04-16,57612,2535,52105.0,78.0,2.0,22.0,0.0018919669513295378,8.33,417,384,0.15144412110966282,0.006663730594546192,0.13696792214155004
Afghanistan,AFG,2021-04-17,57721,2539,52116.0,109.0,4.0,11.0,0.0012473796365273238,8.33,418,385,0.15173064838177547,0.006674245356825556,0.1369968377378183
Afghanistan,AFG,2021-04-18,57793,2539,52168.0,72.0,0.0,52.0,0.0018168290277369437,8.33,419,386,0.15191991410280398,0.006674245356825556,0.13713352964745001
Afghanistan,AFG,2021-04-19,57898,2546,52244.0,105.0,7.0,76.0,0.0024007737745690427,8.33,420,387,0.15219592661263726,0.006692646190814441,0.1373333101307579
Afghanistan,AFG,2021-04-20,58037,2549,52272.0,139.0,3.0,28.0,0.003049778589520491,8.33,421,388,0.15256131460184513,0.006700532262523962,0.13740691346671344
Afghanistan,AFG,2021-04-21,58214,2557,52301.0,177.0,8.0,29.0,0.0016834438451232003,8.33,422,389,0.15302659283270692,0.006721561787082688,0.1374831454932388
Afghanistan,AFG,2021-04-22,58312,2561,52348.0,98.0,4.0,47.0,0.0039442996295788735,8.33,423,390,0.15328420450855132,0.006732076549362051,0.13760669395002134
Afghanistan,AFG,2021-04-23,58542,2565,52363.0,230.0,4.0,15.0,0.0032113696149773663,8.33,424,391,0.1538888033396147,0.006742591311641414,0.13764612430856896
Afghanistan,AFG,2021-04-24,58730,2572,52392.0,188.0,7.0,29.0,0.0019240592542142387,8.33,425,392,0.15438299716674472,0.006760992145630299,0.13772235633509433
Afghanistan,AFG,2021-04-25,58843,2582,52489.0,113.0,10.0,97.0,0.0029230324762503646,8.33,426,393,0.15468003920113674,0.006787279051328705,0.13797733932036887
Afghanistan,AFG,2021-04-26,59015,2592,52520.0,172.0,10.0,31.0,0.0035584173515208484,8.33,427,394,0.15513217397914933,0.006813565957027113,0.13805882872803393
Afghanistan,AFG,2021-04-27,59225,2598,52794.0,210.0,6.0,274.0,0.002448290417897958,8.33,428,395,0.1556841989988159,0.006829338100446157,0.1387790899441703
Afghanistan,AFG,2021-04-28,59370,2611,52974.0,145.0,13.0,180.0,0.0034697658750211247,8.33,429,396,0.1560653591314428,0.006863511077854086,0.13925225424674162
Afghanistan,AFG,2021-04-29,59576,2618,53103.0,206.0,7.0,129.0,0.0028367127702431105,8.33,430,397,0.15660686938882998,0.006881911911842971,0.13959135533025108
Afghanistan,AFG,2021-04-30,59745,2625,53206.0,169.0,7.0,103.0,0.0032471336513515414,8.33,431,398,0.15705111809513306,0.006900312745831856,0.13986211045894467
Afghanistan,AFG,2021-05-01,59939,2631,53272.0,194.0,6.0,66.0,0.003053103989055561,8.33,432,399,0.15756108406568214,0.006916084889250901,0.14003560403655416
Afghanistan,AFG,2021-05-02,60122,2637,53391.0,183.0,6.0,119.0,0.0029606466850737867,8.33,433,400,0.15804213443996298,0.0069318570326699445,0.1403484182143652
Afghanistan,AFG,2021-05-03,60300,2642,53391.0,178.0,5.0,0.0,0.004361525704809299,5.56,434,401,0.15851004136139463,0.006945000485519148,0.1403484182143652
Afghanistan,AFG,2021-05-04,60563,2648,53694.0,263.0,6.0,303.0,0.0038637451909582232,5.56,435,402,0.15920138698126274,0.006960772628938193,0.14114491145702693
Afghanistan,AFG,2021-05-05,60797,2654,53750.0,234.0,6.0,56.0,0.0,5.56,436,403,0.15981650057460547,0.006976544772357237,0.14129211812893802