Country,CountryAlpha3Code,Date,confirmed,deaths,recoveries,confirmed_inc,deaths_inc,recoveries_inc,ECR,GRTStringencyIndex,DaysSince1Cases,DaysSince100Cases,confirmed_PopPct,deaths_PopPct,recoveries_PopPct
Turkey,TUR,2020-01-22,0,0,0.0,32.0,0.0,6.0,0.0,0.0,-49,-57,0.0,0.0,0.0
Turkey,TUR,2020-01-23,0,0,0.0,0.0,0.0,0.0,0.0,0.0,-48,-56,0.0,0.0,0.0
Turkey,TUR,2020-01-24,0,0,0.0,0.0,0.0,0.0,0.0,2.78,-47,-55,0.0,0.0,0.0
Turkey,TUR,2020-01-25,0,0,0.0,0.0,0.0,0.0,0.0,2.78,-46,-54,0.0,0.0,0.0
Turkey,TUR,2020-01-26,0,0,0.0,0.0,0.0,0.0,0.0,2.78,-45,-53,0.0,0.0,0.0
Turkey,TUR,2020-01-27,0,0,0.0,0.0,0.0,0.0,0.0,2.78,-44,-52,0.0,0.0,0.0
Turkey,TUR,2020-01-28,0,0,0.0,0.0,0.0,0.0,0.0,2.78,-43,-51,0.0,0.0,0.0
Turkey,TUR,2020-01-29,0,0,0.0,0.0,0.0,0.0,0.0,2.78,-42,-50,0.0,0.0,0.0
Turkey,TUR,2020-01-30,0,0,0.0,0.0,0.0,0.0,0.0,2.78,-41,-49,0.0,0.0,0.0
Turkey,TUR,2020-01-31,0,0,0.0,0.0,0.0,0.0,0.0,2.78,-40,-48,0.0,0.0,0.0
Turkey,TUR,2020-02-01,0,0,0.0,0.0,0.0,0.0,0.0,2.78,-39,-47,0.0,0.0,0.0
Turkey,TUR,2020-02-02,0,0,0.0,0.0,0.0,0.0,0.0,2.78,-38,-46,0.0,0.0,0.0
Turkey,TUR,2020-02-03,0,0,0.0,0.0,0.0,0.0,0.0,2.78,-37,-45,0.0,0.0,0.0
Turkey,TUR,2020-02-04,0,0,0.0,0.0,0.0,0.0,0.0,2.78,-36,-44,0.0,0.0,0.0
Turkey,TUR,2020-02-05,0,0,0.0,0.0,0.0,0.0,0.0,8.33,-35,-43,0.0,0.0,0.0
Turkey,TUR,2020-02-06,0,0,0.0,0.0,0.0,0.0,0.0,8.33,-34,-42,0.0,0.0,0.0
Turkey,TUR,2020-02-07,0,0,0.0,0.0,0.0,0.0,0.0,19.44,-33,-41,0.0,0.0,0.0
Turkey,TUR,2020-02-08,0,0,0.0,0.0,0.0,0.0,0.0,19.44,-32,-40,0.0,0.0,0.0
Turkey,TUR,2020-02-09,0,0,0.0,0.0,0.0,0.0,0.0,19.44,-31,-39,0.0,0.0,0.0
Turkey,TUR,2020-02-10,0,0,0.0,0.0,0.0,0.0,0.0,19.44,-30,-38,0.0,0.0,0.0
Turkey,TUR,2020-02-11,0,0,0.0,0.0,0.0,0.0,0.0,19.44,-29,-37,0.0,0.0,0.0
Turkey,TUR,2020-02-12,0,0,0.0,0.0,0.0,0.0,0.0,19.44,-28,-36,0.0,0.0,0.0
Turkey,TUR,2020-02-13,0,0,0.0,0.0,0.0,0.0,0.0,19.44,-27,-35,0.0,0.0,0.0
Turkey,TUR,2020-02-14,0,0,0.0,0.0,0.0,0.0,0.0,19.44,-26,-34,0.0,0.0,0.0
Turkey,TUR,2020-02-15,0,0,0.0,0.0,0.0,0.0,0.0,19.44,-25,-33,0.0,0.0,0.0
Turkey,TUR,2020-02-16,0,0,0.0,0.0,0.0,0.0,0.0,19.44,-24,-32,0.0,0.0,0.0
Turkey,TUR,2020-02-17,0,0,0.0,0.0,0.0,0.0,0.0,19.44,-23,-31,0.0,0.0,0.0
Turkey,TUR,2020-02-18,0,0,0.0,0.0,0.0,0.0,0.0,19.44,-22,-30,0.0,0.0,0.0
Turkey,TUR,2020-02-19,0,0,0.0,0.0,0.0,0.0,0.0,19.44,-21,-29,0.0,0.0,0.0
Turkey,TUR,2020-02-20,0,0,0.0,0.0,0.0,0.0,0.0,19.44,-20,-28,0.0,0.0,0.0
Turkey,TUR,2020-02-21,0,0,0.0,0.0,0.0,0.0,0.0,19.44,-19,-27,0.0,0.0,0.0
Turkey,TUR,2020-02-22,0,0,0.0,0.0,0.0,0.0,0.0,19.44,-18,-26,0.0,0.0,0.0
Turkey,TUR,2020-02-23,0,0,0.0,0.0,0.0,0.0,0.0,19.44,-17,-25,0.0,0.0,0.0
Turkey,TUR,2020-02-24,0,0,0.0,0.0,0.0,0.0,0.0,19.44,-16,-24,0.0,0.0,0.0
Turkey,TUR,2020-02-25,0,0,0.0,0.0,0.0,0.0,0.0,19.44,-15,-23,0.0,0.0,0.0
Turkey,TUR,2020-02-26,0,0,0.0,0.0,0.0,0.0,0.0,19.44,-14,-22,0.0,0.0,0.0
Turkey,TUR,2020-02-27,0,0,0.0,0.0,0.0,0.0,0.0,19.44,-13,-21,0.0,0.0,0.0
Turkey,TUR,2020-02-28,0,0,0.0,0.0,0.0,0.0,0.0,19.44,-12,-20,0.0,0.0,0.0
Turkey,TUR,2020-02-29,0,0,0.0,0.0,0.0,0.0,0.0,19.44,-11,-19,0.0,0.0,0.0
Turkey,TUR,2020-03-01,0,0,0.0,0.0,0.0,0.0,0.0,19.44,-10,-18,0.0,0.0,0.0
Turkey,TUR,2020-03-02,0,0,0.0,0.0,0.0,0.0,0.0,19.44,-9,-17,0.0,0.0,0.0
Turkey,TUR,2020-03-03,0,0,0.0,0.0,0.0,0.0,0.0,19.44,-8,-16,0.0,0.0,0.0
Turkey,TUR,2020-03-04,0,0,0.0,0.0,0.0,0.0,0.0,19.44,-7,-15,0.0,0.0,0.0
Turkey,TUR,2020-03-05,0,0,0.0,0.0,0.0,0.0,0.0,19.44,-6,-14,0.0,0.0,0.0
Turkey,TUR,2020-03-06,0,0,0.0,0.0,0.0,0.0,0.0,19.44,-5,-13,0.0,0.0,0.0
Turkey,TUR,2020-03-07,0,0,0.0,0.0,0.0,0.0,0.0,19.44,-4,-12,0.0,0.0,0.0
Turkey,TUR,2020-03-08,0,0,0.0,0.0,0.0,0.0,0.0,19.44,-3,-11,0.0,0.0,0.0
Turkey,TUR,2020-03-09,0,0,0.0,0.0,0.0,0.0,0.0,23.15,-2,-10,0.0,0.0,0.0
Turkey,TUR,2020-03-10,0,0,0.0,0.0,0.0,0.0,0.0,23.15,-1,-9,0.0,0.0,0.0
Turkey,TUR,2020-03-11,1,0,0.0,1.0,0.0,0.0,0.0,23.15,0,-8,1.198615144034885e-06,0.0,0.0
Turkey,TUR,2020-03-12,1,0,0.0,0.0,0.0,0.0,4.0,23.15,1,-7,1.198615144034885e-06,0.0,0.0
Turkey,TUR,2020-03-13,5,0,0.0,4.0,0.0,0.0,0.0,23.15,2,-6,5.993075720174425e-06,0.0,0.0
Turkey,TUR,2020-03-14,5,0,0.0,0.0,0.0,0.0,0.19999999999999996,23.15,3,-5,5.993075720174425e-06,0.0,0.0
Turkey,TUR,2020-03-15,6,0,0.0,1.0,0.0,0.0,2.0,23.15,4,-4,7.1916908642093095e-06,0.0,0.0
Turkey,TUR,2020-03-16,18,0,0.0,12.0,0.0,0.0,1.6111111111111112,52.78,5,-3,2.157507259262793e-05,0.0,0.0
Turkey,TUR,2020-03-17,47,1,0.0,29.0,1.0,0.0,1.0851063829787235,52.78,6,-2,5.633491176963959e-05,1.198615144034885e-06,0.0
Turkey,TUR,2020-03-18,98,1,0.0,51.0,0.0,0.0,0.9591836734693877,58.33,7,-1,0.00011746428411541873,1.198615144034885e-06,0.0
Turkey,TUR,2020-03-19,192,3,0.0,94.0,2.0,0.0,0.8697916666666667,58.33,8,0,0.0002301341076546979,3.5958454321046547e-06,0.0
Turkey,TUR,2020-03-20,359,4,0.0,167.0,1.0,0.0,0.8662952646239555,58.33,9,1,0.00043030283670852373,4.79446057613954e-06,0.0
Turkey,TUR,2020-03-21,670,9,0.0,311.0,5.0,0.0,0.844776119402985,62.04,10,2,0.000803072146503373,1.0787536296313965e-05,0.0
Turkey,TUR,2020-03-22,1236,30,0.0,566.0,21.0,0.0,0.2370550161812297,62.04,11,3,0.0014814883180271179,3.5958454321046546e-05,0.0
Turkey,TUR,2020-03-23,1529,37,0.0,293.0,7.0,0.0,0.22432962720732497,62.04,12,4,0.001832682555229339,4.434876032929074e-05,0.0
Turkey,TUR,2020-03-24,1872,44,0.0,343.0,7.0,0.0,0.2996794871794872,67.59,13,5,0.0022438075496333046,5.273906633753494e-05,0.0
Turkey,TUR,2020-03-25,2433,59,26.0,561.0,15.0,26.0,0.4915741882449651,67.59,14,6,0.002916230645436875,7.071829349805821e-05,3.116399374490701e-05
Turkey,TUR,2020-03-26,3629,75,26.0,1196.0,16.0,0.0,0.5701295122623313,67.59,15,7,0.004349774357702597,8.989613580261638e-05,3.116399374490701e-05
Turkey,TUR,2020-03-27,5698,92,42.0,2069.0,17.0,16.0,0.299052299052299,70.37,16,8,0.006829709090710775,0.00011027259325120942,5.034183604946517e-05
Turkey,TUR,2020-03-28,7402,108,70.0,1704.0,16.0,28.0,0.24520399891921096,75.93,17,9,0.008872149296146218,0.0001294504355557676,8.390306008244195e-05
Turkey,TUR,2020-03-29,9217,131,105.0,1815.0,23.0,35.0,0.17467722686340448,75.93,18,10,0.011047635782569535,0.00015701858386856993,0.0001258545901236629
Turkey,TUR,2020-03-30,10827,168,162.0,1610.0,37.0,57.0,0.249746005356978,75.93,19,11,0.0129774061644657,0.00020136734419786068,0.00019417565333365136
Turkey,TUR,2020-03-31,13531,214,243.0,2704.0,46.0,81.0,0.15874658192299163,75.93,20,12,0.01621846151393603,0.00025650364082346536,0.0002912634800004771
Turkey,TUR,2020-04-01,15679,277,333.0,2148.0,63.0,90.0,0.15664264302570308,75.93,21,13,0.01879308684332296,0.00033201639489766315,0.0003991388429636167
Turkey,TUR,2020-04-02,18135,356,415.0,2456.0,79.0,82.0,0.15362558588365038,75.93,22,14,0.02173688563707264,0.000426706991276419,0.0004974252847744772
Turkey,TUR,2020-04-03,20921,425,484.0,2786.0,69.0,69.0,0.14401797237225744,75.93,23,15,0.025076227428353828,0.0005094114362148261,0.0005801297297128843
Turkey,TUR,2020-04-04,23934,501,786.0,3013.0,76.0,302.0,0.1309852093256456,75.93,24,16,0.028687654857330935,0.0006005061871614774,0.0009421115032114196
Turkey,TUR,2020-04-05,27069,574,1042.0,3135.0,73.0,256.0,0.11629539325427607,75.93,25,17,0.0324453133338803,0.000688005092676024,0.0012489569800843501
Turkey,TUR,2020-04-06,30217,649,1326.0,3148.0,75.0,284.0,0.12880166793526815,75.93,26,18,0.03621855380730212,0.0007779012284786403,0.0015893636809902576
Turkey,TUR,2020-04-07,34109,725,1582.0,3892.0,76.0,256.0,0.12070128118678358,75.93,27,19,0.04088356394788589,0.0008689959794252916,0.001896209157863188
Turkey,TUR,2020-04-08,38226,812,1846.0,4117.0,87.0,264.0,0.10610579186940816,75.93,28,20,0.04581826249587751,0.0009732754969563266,0.0022126435558883976
Turkey,TUR,2020-04-09,42282,908,2142.0,4056.0,96.0,296.0,0.11226999668889825,75.93,29,21,0.050679845520083006,0.0010883425507836756,0.0025674336385227235
Turkey,TUR,2020-04-10,47029,1006,2423.0,4747.0,98.0,281.0,0.1092517382891407,75.93,30,22,0.056369671608816604,0.0012058068348990943,0.0029042444939965262
Turkey,TUR,2020-04-11,52167,1101,2965.0,5138.0,95.0,542.0,0.09180133034293703,77.78,31,23,0.06252815621886784,0.0013196752735824084,0.0035538939020634337
Turkey,TUR,2020-04-12,56956,1198,3446.0,4789.0,97.0,481.0,0.07186249034342307,77.78,32,24,0.0682683241436509,0.001435940942553792,0.004130427786344214
Turkey,TUR,2020-04-13,61049,1296,3957.0,4093.0,98.0,511.0,0.06653671640813119,75.93,33,25,0.07317425592818569,0.0015534052266692109,0.00474292012494604
Turkey,TUR,2020-04-14,65111,1403,4799.0,4062.0,107.0,842.0,0.06574925895777972,75.93,34,26,0.07804303064325539,0.0016816570470809436,0.005752154076223413
Turkey,TUR,2020-04-15,69392,1518,5674.0,4281.0,115.0,875.0,0.06918664975789723,75.93,35,27,0.08317430207486874,0.0018194977886449553,0.006800942327253937
Turkey,TUR,2020-04-16,74193,1643,7089.0,4801.0,125.0,1415.0,0.058671303222676,75.93,36,28,0.08892885338138022,0.001969324681649316,0.008496982756063299
Turkey,TUR,2020-04-17,78546,1769,8631.0,4353.0,126.0,1542.0,0.04816285998013892,75.93,37,29,0.09414642510336407,0.0021203501897977114,0.010345247308165093
Turkey,TUR,2020-04-18,82329,1890,10453.0,3783.0,121.0,1822.0,0.048306186155546715,77.78,38,30,0.09868078619324805,0.0022653826222259325,0.012529124100596653
Turkey,TUR,2020-04-19,86306,2017,11976.0,3977.0,127.0,1523.0,0.05415614209904285,77.78,39,31,0.10344767862107478,0.002417606745518363,0.014354614964961782
Turkey,TUR,2020-04-20,90980,2140,13430.0,4674.0,123.0,1454.0,0.050681468454605305,75.93,40,32,0.10905000580429383,0.0025650364082346537,0.016097401384388504
Turkey,TUR,2020-04-21,95591,2259,14918.0,4611.0,119.0,1488.0,0.03225199025012815,75.93,41,33,0.1145768202334387,0.002707671610374805,0.017880940718712414
Turkey,TUR,2020-04-22,98674,2376,16477.0,3083.0,117.0,1559.0,0.03157873401301248,75.93,42,34,0.11827215072249823,0.0028479095822268865,0.0197495817282628
Turkey,TUR,2020-04-23,101790,2491,18491.0,3116.0,115.0,2014.0,0.030670989291678996,75.93,43,35,0.12200703551131094,0.0029857503237908983,0.02216359262834906
Turkey,TUR,2020-04-24,104912,2600,21737.0,3122.0,109.0,3246.0,0.027270474302272474,75.93,44,36,0.12574911199098784,0.0031163993744907008,0.026054297385886296
Turkey,TUR,2020-04-25,107773,2706,25582.0,2861.0,106.0,3845.0,0.021870041661640638,75.93,45,37,0.12917834991807167,0.003243452579758399,0.030662972614700426
Turkey,TUR,2020-04-26,110130,2805,29140.0,2357.0,99.0,3558.0,0.01934985925724142,75.93,46,38,0.13200348581256188,0.0033621154790178524,0.03492764529717655
Turkey,TUR,2020-04-27,112261,2900,33791.0,2131.0,95.0,4651.0,0.021307488798425034,75.93,47,39,0.13455773468450022,0.0034759839177011666,0.0405024043320828
Turkey,TUR,2020-04-28,114653,2992,38809.0,2392.0,92.0,5018.0,0.02560770324370054,75.93,48,40,0.13742482210903167,0.003586256510952376,0.046517055124849854
Turkey,TUR,2020-04-29,117589,3081,44040.0,2936.0,89.0,5231.0,0.022238474687258147,75.93,49,41,0.1409439561719181,0.0036929332587714806,0.05278701094329633
Turkey,TUR,2020-04-30,120204,3174,48886.0,2615.0,93.0,4846.0,0.018202389271571695,75.93,50,42,0.14407833477356932,0.003804404467166725,0.05859549993128939
Turkey,TUR,2020-05-01,122392,3258,53808.0,2188.0,84.0,4922.0,0.016202039348977015,75.93,51,43,0.14670090470871763,0.003905088139265655,0.06449508367022909
Turkey,TUR,2020-05-02,124375,3336,58259.0,1983.0,78.0,4451.0,0.013427135678391933,75.93,52,44,0.14907775853933883,0.003998580120500376,0.06983011967632836
Turkey,TUR,2020-05-03,126045,3397,63151.0,1670.0,61.0,4892.0,0.012804950612876453,75.93,53,45,0.1510794458298771,0.0040716956442865045,0.07569374496094702
Turkey,TUR,2020-05-04,127659,3461,68166.0,1614.0,64.0,5015.0,0.014350731244957338,75.93,54,46,0.15301401067234938,0.004148407013504737,0.08170479990828197
Turkey,TUR,2020-05-05,129491,3520,73285.0,1832.0,59.0,5119.0,0.017398892587129566,75.93,55,47,0.1552098736162213,0.004219125307002795,0.08784051083059655
Turkey,TUR,2020-05-06,131744,3584,78202.0,2253.0,64.0,4917.0,0.015006376001943211,75.93,56,48,0.15791035353573188,0.004295836676221028,0.09373410149381607
Turkey,TUR,2020-05-07,133721,3641,82984.0,1977.0,57.0,4782.0,0.013819818876616319,75.93,57,49,0.16028001567548886,0.004364157739431016,0.09946587911259089
Turkey,TUR,2020-05-08,135569,3689,86396.0,1848.0,48.0,3412.0,0.01140378700145317,75.93,58,50,0.16249505646166532,0.00442169126634469,0.10355555398403793
Turkey,TUR,2020-05-09,137115,3739,89480.0,1546.0,50.0,3084.0,0.011246034350727463,75.93,59,51,0.16434811547434325,0.004481622023546435,0.10725208308824151
Turkey,TUR,2020-05-10,138657,3786,92691.0,1542.0,47.0,3211.0,0.008034213923566735,75.93,60,52,0.16619638002644505,0.004537956935316075,0.11110083631573753
Turkey,TUR,2020-05-11,139771,3841,95780.0,1114.0,55.0,3089.0,0.012191370169777782,75.93,61,53,0.1675316372968999,0.0046038807682379935,0.11480335849566128
Turkey,TUR,2020-05-12,141475,3894,98889.0,1704.0,53.0,3109.0,0.011585085704187925,75.93,62,54,0.16957407750233536,0.004667407370871842,0.11852985297846574
Turkey,TUR,2020-05-13,143114,3952,101715.0,1639.0,58.0,2826.0,0.01142445882303611,75.93,63,55,0.17153860772340854,0.004736927049225866,0.12191713937550833
Turkey,TUR,2020-05-14,144749,4007,104030.0,1635.0,55.0,2315.0,0.011799736094895374,75.93,64,56,0.17349834348390555,0.0048028508821477845,0.12469193343394909
Turkey,TUR,2020-05-15,146457,4055,106133.0,1708.0,48.0,2103.0,0.010992987702875157,75.93,65,57,0.17554557814991714,0.004860384409061459,0.12721262108185444
Turkey,TUR,2020-05-16,148067,4096,108137.0,1610.0,41.0,2004.0,0.00923906069549596,75.93,66,58,0.17747534853181332,0.004909527629966889,0.12961464583050036
Turkey,TUR,2020-05-17,149435,4140,109962.0,1368.0,44.0,1825.0,0.007749188610432611,75.93,67,59,0.17911505404885303,0.004962266696304424,0.131802118468364
Turkey,TUR,2020-05-18,150593,4171,111577.0,1158.0,31.0,1615.0,0.0067865040207713,75.93,68,60,0.18050305038564543,0.004999423765769505,0.13373788192598035
Turkey,TUR,2020-05-19,151615,4199,112895.0,1022.0,28.0,1318.0,0.006410975167364663,75.93,69,61,0.1817280350628491,0.005032984989802482,0.13531765668581833
Turkey,TUR,2020-05-20,152587,4222,113987.0,972.0,23.0,1092.0,0.00629804636043696,75.93,70,62,0.182893088982851,0.005060553138115285,0.13662654442310443
Turkey,TUR,2020-05-21,153548,4249,114990.0,961.0,27.0,1003.0,0.006200015630291489,75.93,71,63,0.1840449581362685,0.005092915747004227,0.13782875541257142
Turkey,TUR,2020-05-22,154500,4276,116111.0,952.0,27.0,1121.0,0.007676375404530811,75.93,72,64,0.18518603975338974,0.005125278355893168,0.13917240298903452
Turkey,TUR,2020-05-23,155686,4308,117602.0,1186.0,32.0,1491.0,0.007328854232236726,75.93,73,65,0.1866075973142151,0.005163634040502284,0.14095953816879053
Turkey,TUR,2020-05-24,156827,4340,118694.0,1141.0,32.0,1092.0,0.0062935591447901285,75.93,74,66,0.18797521719355892,0.0052019897251114,0.14226842590607663
Turkey,TUR,2020-05-25,157814,4369,120015.0,987.0,29.0,1321.0,0.006007071615953041,75.93,75,67,0.18915825034072134,0.005236749564288413,0.14385179651134672
Turkey,TUR,2020-05-26,158762,4397,121507.0,948.0,28.0,1492.0,0.006519192250034722,75.93,76,68,0.1902945374972664,0.005270310788321389,0.14564013030624676
Turkey,TUR,2020-05-27,159797,4431,122793.0,1035.0,34.0,1286.0,0.007396884797586933,75.93,77,69,0.1915351041713425,0.005311063703218575,0.14718154938147562
Turkey,TUR,2020-05-28,160979,4461,124369.0,1182.0,30.0,1576.0,0.007087881027960208,75.93,78,70,0.19295186727159175,0.005347022157539622,0.1490705668484746
Turkey,TUR,2020-05-29,162120,4489,125963.0,1141.0,28.0,1594.0,0.006063409819886401,75.93,79,71,0.19431948715093555,0.005380583381572599,0.15098115938806622
Turkey,TUR,2020-05-30,163103,4515,126984.0,983.0,26.0,1021.0,0.005143988767833729,75.93,80,72,0.19549772583752184,0.005411747375317506,0.15220494545012583
Turkey,TUR,2020-05-31,163942,4540,127973.0,839.0,25.0,989.0,0.005044466945627102,75.93,81,73,0.19650336394336712,0.005441712753918378,0.15339037582757634
Turkey,TUR,2020-06-01,164769,4563,128947.0,827.0,23.0,974.0,0.004770314804362519,63.89,82,74,0.19749461866748397,0.00546928090223118,0.15455782697786632
Turkey,TUR,2020-06-02,165555,4585,129921.0,786.0,22.0,974.0,0.0052369303252695065,63.89,83,75,0.19843673017069538,0.005495650435399947,0.15572527812815629
Turkey,TUR,2020-06-03,166422,4609,130852.0,867.0,24.0,931.0,0.005936715097763612,63.89,84,76,0.19947592950057363,0.0055244171988567846,0.15684118882725276
Turkey,TUR,2020-06-04,167410,4630,131778.0,988.0,21.0,926.0,0.0055552237022877815,63.89,85,77,0.20066016126288008,0.005549588116881518,0.15795110645062907
Turkey,TUR,2020-06-05,168340,4648,133400.0,930.0,18.0,1622.0,0.005215635024355514,63.89,86,78,0.20177487334683253,0.005571163189474145,0.15989526021425365
Turkey,TUR,2020-06-06,169218,4669,135322.0,878.0,21.0,1922.0,0.005401316644801479,63.89,87,79,0.20282725744329516,0.0055963341074988775,0.1621989985210887
Turkey,TUR,2020-06-07,170132,4692,137969.0,914.0,23.0,2647.0,0.005813133331765918,63.89,88,80,0.20392279168494304,0.00562390225581168,0.16537173280734904
Turkey,TUR,2020-06-08,171121,4711,141380.0,989.0,19.0,3411.0,0.00580291139018585,63.89,89,81,0.20510822206239354,0.005646675943548343,0.16946020906365203
Turkey,TUR,2020-06-09,172114,4729,144598.0,993.0,18.0,3218.0,0.005356914603111829,63.89,90,82,0.20629844690042018,0.005668251016140971,0.1733173525971563
Turkey,TUR,2020-06-10,173036,4746,146839.0,922.0,17.0,2241.0,0.00570401534940701,63.89,91,83,0.20740357006322035,0.005688627473589564,0.17600344913493848
Turkey,TUR,2020-06-11,174023,4763,147860.0,987.0,17.0,1021.0,0.006866908397165972,63.89,92,84,0.20858660321038278,0.005709003931038157,0.1772272351969981
Turkey,TUR,2020-06-12,175218,4778,149102.0,1195.0,15.0,1242.0,0.008326770080699486,63.89,93,85,0.21001894830750448,0.0057269831581986804,0.17871591520588942
Turkey,TUR,2020-06-13,176677,4792,150087.0,1459.0,14.0,985.0,0.00884099231931712,63.89,94,86,0.21176772780265138,0.005743763770215168,0.1798965511227638
Turkey,TUR,2020-06-14,178239,4807,151417.0,1562.0,15.0,1330.0,0.008931827490055388,63.89,95,87,0.21363996465763385,0.005761742997375692,0.18149070926433017
Turkey,TUR,2020-06-15,179831,4825,152364.0,1592.0,18.0,947.0,0.008157659135521689,63.89,96,88,0.2155481599669374,0.00578331806996832,0.1826257978057312
Turkey,TUR,2020-06-16,181298,4842,153379.0,1467.0,17.0,1015.0,0.00788205054661395,63.89,97,89,0.21730652838323658,0.005803694527416913,0.18384239217692663
Turkey,TUR,2020-06-17,182727,4861,154640.0,1429.0,19.0,1261.0,0.007136329059197699,63.89,98,90,0.21901934942406243,0.005826468215153576,0.1853538458735546
Turkey,TUR,2020-06-18,184031,4882,156022.0,1304.0,21.0,1382.0,0.006596714683939187,63.89,99,91,0.22058234357188392,0.005851639133178308,0.18701033200261083
Turkey,TUR,2020-06-19,185245,4905,157516.0,1214.0,23.0,1494.0,0.006737023941266962,63.89,100,92,0.22203746235674227,0.005879207281491111,0.18880106302779895
Turkey,TUR,2020-06-20,186493,4927,158828.0,1248.0,22.0,1312.0,0.00639166081300635,63.89,101,93,0.2235333340564978,0.005905576814659879,0.1903736460967727
Turkey,TUR,2020-06-21,187685,4950,160240.0,1192.0,23.0,1412.0,0.006457628473239829,63.89,102,94,0.2249620833081874,0.00593314496297268,0.19206609068014996
Turkey,TUR,2020-06-22,188897,4974,161533.0,1212.0,24.0,1293.0,0.006712652927256757,63.89,103,95,0.22641480486275767,0.0059619117264295175,0.19361590006138707
Turkey,TUR,2020-06-23,190165,5001,162848.0,1268.0,27.0,1315.0,0.007845818105329583,63.89,104,96,0.2279346488653939,0.00599427433531846,0.19519207897579294
Turkey,TUR,2020-06-24,191657,5025,164234.0,1492.0,24.0,1386.0,0.00760734019628817,63.89,105,97,0.22972298266029395,0.006023041098775297,0.1968533595654253
Turkey,TUR,2020-06-25,193115,5046,165706.0,1458.0,21.0,1472.0,0.0072288532739559486,63.89,106,98,0.23147056354029683,0.00604821201680003,0.19861772105744466
Turkey,TUR,2020-06-26,194511,5065,167198.0,1396.0,19.0,1492.0,0.0070535856583946455,63.89,107,99,0.2331438302813695,0.006070985704536692,0.2004060548523447
Turkey,TUR,2020-06-27,195883,5082,169182.0,1372.0,17.0,1984.0,0.006922499655406478,63.89,108,100,0.23478833025898538,0.006091362161985286,0.20278410729810992
Turkey,TUR,2020-06-28,197239,5097,170595.0,1356.0,15.0,1413.0,0.006966167948529556,63.89,109,101,0.23641365239429668,0.006109341389145808,0.2044777504966312
Turkey,TUR,2020-06-29,198613,5115,171809.0,1374.0,18.0,1214.0,0.006510147875516736,63.89,110,102,0.2380605496022006,0.006130916461738437,0.20593286928148954
Turkey,TUR,2020-06-30,199906,5131,173111.0,1293.0,16.0,1302.0,0.0059628025171831744,63.89,111,103,0.23961035898343772,0.006150094304042995,0.20749346619902298
Turkey,TUR,2020-07-01,201098,5150,175422.0,1192.0,19.0,2311.0,0.0058976220549185054,63.89,112,104,0.2410391082351273,0.006172867991779658,0.2102634657968876
Turkey,TUR,2020-07-02,202284,5167,176965.0,1186.0,17.0,1543.0,0.005793834411025989,63.89,113,105,0.24246066579595268,0.006193244449228251,0.21211292896413342
Turkey,TUR,2020-07-03,203456,5186,178278.0,1172.0,19.0,1313.0,0.005671988046555443,63.89,114,106,0.24386544274476155,0.006216018136964914,0.21368671064825123
Turkey,TUR,2020-07-04,204610,5206,179492.0,1154.0,20.0,1214.0,0.005610673965104285,63.89,115,107,0.2452486446209778,0.006239990439845611,0.21514182943310958
Turkey,TUR,2020-07-05,205758,5225,180680.0,1148.0,19.0,1188.0,0.005278045082086624,63.89,116,108,0.24662465480632986,0.006262764127582274,0.216565784224223
Turkey,TUR,2020-07-06,206844,5241,182995.0,1086.0,16.0,2315.0,0.005090793061437671,63.89,117,109,0.24792635085275175,0.006281941969886832,0.2193405782826638
Turkey,TUR,2020-07-07,207897,5260,185292.0,1053.0,19.0,2297.0,0.005007287262442484,63.89,118,110,0.24918849259942047,0.006304715657623495,0.22209379726851192
Turkey,TUR,2020-07-08,208938,5282,187511.0,1041.0,22.0,2219.0,0.004900975408973052,63.89,119,111,0.2504362509643608,0.006331085190792262,0.2247535242731253
Turkey,TUR,2020-07-09,209962,5300,190390.0,1024.0,18.0,2879.0,0.0047770548956478365,63.89,120,112,0.2516636328718525,0.006352660263384891,0.22820433727280176
Turkey,TUR,2020-07-10,210965,5323,191883.0,1003.0,23.0,1493.0,0.004815964733486666,63.89,121,113,0.2528658438613195,0.006380228411697692,0.22999386968284583
Turkey,TUR,2020-07-11,211981,5344,193217.0,1016.0,21.0,1334.0,0.004774012765295099,63.89,122,114,0.25408363684765894,0.006405399329722426,0.23159282228498837
Turkey,TUR,2020-07-12,212993,5363,194515.0,1012.0,19.0,1298.0,0.004732549896006022,63.89,123,115,0.25529663537342223,0.006428173017459088,0.23314862474194564
Turkey,TUR,2020-07-13,214001,5382,195671.0,1008.0,19.0,1156.0,0.004635492357512261,63.89,124,116,0.2565048394386094,0.006450946705195751,0.23453422384845
Turkey,TUR,2020-07-14,214993,5402,196720.0,992.0,20.0,1049.0,0.004404794574706994,63.89,125,117,0.25769386566149205,0.006474919008076448,0.23579157113454258
Turkey,TUR,2020-07-15,215940,5419,197733.0,947.0,17.0,1013.0,0.004320644623506453,63.89,126,118,0.25882895420289304,0.006495295465525042,0.23700576827544992
Turkey,TUR,2020-07-16,216873,5440,198820.0,933.0,21.0,1087.0,0.004269780009498625,63.89,127,119,0.2599472621322776,0.006520466383549774,0.23830866293701583
Turkey,TUR,2020-07-17,217799,5458,199834.0,926.0,18.0,1014.0,0.004214895385194595,63.89,128,120,0.2610571797556539,0.006542041456142402,0.2395240586930672
Turkey,TUR,2020-07-18,218717,5475,201013.0,918.0,17.0,1179.0,0.004224637316715185,63.89,129,121,0.26215750845787794,0.0065624179135909955,0.24093722594788433
Turkey,TUR,2020-07-19,219641,5491,202010.0,924.0,16.0,997.0,0.004238735026702578,63.89,130,122,0.2632650288509662,0.006581595755895554,0.2421322452464871
Turkey,TUR,2020-07-20,220572,5508,203002.0,931.0,17.0,992.0,0.004207242986417059,63.89,131,123,0.26438093955006264,0.006601972213344146,0.24332127146936972
Turkey,TUR,2020-07-21,221500,5526,204011.0,928.0,18.0,1009.0,0.004072234762979576,63.89,132,124,0.265493254403727,0.006623547285936775,0.24453067414970092
Turkey,TUR,2020-07-22,222402,5545,205214.0,902.0,19.0,1203.0,0.00410517891026152,42.59,133,125,0.2665744052636465,0.006646320973673437,0.2459726081679749
Turkey,TUR,2020-07-23,223315,5563,206365.0,913.0,18.0,1151.0,0.0041958668248887054,42.59,134,126,0.26766874089015036,0.006667896046266065,0.24735221419875902
Turkey,TUR,2020-07-24,224252,5580,207374.0,937.0,17.0,1009.0,0.004106986782726585,42.59,135,127,0.268791843280111,0.006688272503714658,0.24856161687909023
Turkey,TUR,2020-07-25,225173,5596,208477.0,921.0,16.0,1103.0,0.004116834611609832,42.59,136,128,0.26989576782776714,0.006707450346019216,0.2498836893829607
Turkey,TUR,2020-07-26,226100,5613,209487.0,927.0,17.0,1010.0,0.004064573197700039,42.59,137,129,0.2710068840662875,0.00672782680346781,0.25109429067843597
Turkey,TUR,2020-07-27,227019,5630,210469.0,919.0,17.0,982.0,0.004241935697012034,42.59,138,130,0.27210841138365555,0.0067482032609164026,0.25227133074987823
Turkey,TUR,2020-07-28,227982,5645,211561.0,963.0,15.0,1092.0,0.004131905150406512,42.59,139,131,0.27326267776736113,0.006766182488076926,0.2535802184871643
Turkey,TUR,2020-07-29,228924,5659,212557.0,942.0,14.0,996.0,0.004224109311387281,42.59,140,132,0.27439177323304204,0.006782963100093414,0.254774039170623
Turkey,TUR,2020-07-30,229891,5674,213539.0,967.0,15.0,982.0,0.004271589579409429,42.59,141,133,0.2755508340773237,0.006800942327253937,0.2559510792420653
Turkey,TUR,2020-07-31,230873,5691,214535.0,982.0,17.0,996.0,0.00431406011097013,42.59,142,134,0.276727874148766,0.00682131878470253,0.25714489992552403
Turkey,TUR,2020-08-01,231869,5710,215516.0,996.0,19.0,981.0,0.0042567139203602,42.59,143,135,0.27792169483222473,0.006844092472439193,0.25832074138182226
Turkey,TUR,2020-08-02,232856,5728,216494.0,987.0,18.0,978.0,0.0042730271068815995,42.59,144,136,0.2791047279793872,0.0068656675450318215,0.2594929869926884
Turkey,TUR,2020-08-03,233851,5747,217497.0,995.0,19.0,1003.0,0.004631154025426465,42.59,145,137,0.2802973500477019,0.006888441232768484,0.2606951979821554
Turkey,TUR,2020-08-04,234934,5765,218491.0,1083.0,18.0,994.0,0.0050141741936033934,42.59,146,138,0.28159545024869165,0.006910016305361112,0.26188662143532604
Turkey,TUR,2020-08-05,236112,5784,219506.0,1178.0,19.0,1015.0,0.004883275733550185,48.15,147,139,0.2830074188883648,0.006932789993097775,0.26310321580652146
Turkey,TUR,2020-08-06,237265,5798,220546.0,1153.0,14.0,1040.0,0.004994415526942353,48.15,148,140,0.28438942214943697,0.006949570605114263,0.2643497755563177
Turkey,TUR,2020-08-07,238450,5813,221574.0,1185.0,15.0,1028.0,0.004915076535961349,48.15,149,141,0.28580978109511834,0.006967549832274786,0.2655819519243856
Turkey,TUR,2020-08-08,239622,5829,222656.0,1172.0,16.0,1082.0,0.004932769111350321,48.15,150,142,0.2872145580439272,0.0069867276745793445,0.26687885351023133
Turkey,TUR,2020-08-09,240804,5844,223759.0,1182.0,15.0,1103.0,0.004954236640587473,48.15,151,143,0.28863132114417644,0.007004706901739868,0.26820092601410184
Turkey,TUR,2020-08-10,241997,5858,224970.0,1193.0,14.0,1211.0,0.004888490353186281,48.15,152,144,0.29006126901101004,0.007021487513756356,0.2696524489535281
Turkey,TUR,2020-08-11,243180,5873,226155.0,1183.0,15.0,1185.0,0.004983962496915906,48.15,153,145,0.2914792307264033,0.007039466740916879,0.2710728078992094
Turkey,TUR,2020-08-12,244392,5891,227089.0,1212.0,18.0,934.0,0.005086091197747944,48.15,154,146,0.29293195228097363,0.007061041813509508,0.272192314443738
Turkey,TUR,2020-08-13,245635,5912,228057.0,1243.0,21.0,968.0,0.004991145398660635,48.15,155,147,0.29442183090500895,0.00708621273153424,0.27335257390316375
Turkey,TUR,2020-08-14,246861,5934,228980.0,1226.0,22.0,923.0,0.005087883464783838,48.15,156,148,0.29589133307159576,0.007112582264703007,0.274458895681108
Turkey,TUR,2020-08-15,248117,5955,229972.0,1256.0,21.0,992.0,0.004804185122341487,48.15,157,149,0.29739679369250355,0.00713775318272774,0.27564792190399057
Turkey,TUR,2020-08-16,249309,5974,230969.0,1192.0,19.0,997.0,0.00494566983141409,48.15,158,150,0.2988255429441931,0.007160526870464403,0.27684294120259334
Turkey,TUR,2020-08-17,250542,5996,231971.0,1233.0,22.0,1002.0,0.005041070958162752,48.15,159,151,0.30030343541678817,0.00718689640363317,0.2780439535769163
Turkey,TUR,2020-08-18,251805,6016,232913.0,1263.0,20.0,942.0,0.005174639105657075,48.15,160,152,0.3018172863437042,0.007210868706513868,0.27917304904259715
Turkey,TUR,2020-08-19,253108,6039,233915.0,1303.0,23.0,1002.0,0.005578646269576604,48.15,161,153,0.3033790818763817,0.00723843685482667,0.2803740614169201
Turkey,TUR,2020-08-20,254520,6058,234797.0,1412.0,19.0,882.0,0.004726544082979789,48.15,162,154,0.30507152645975893,0.007261210542563333,0.2814312399739589
Turkey,TUR,2020-08-21,255723,6080,235569.0,1203.0,22.0,772.0,0.0051188199731742046,48.15,163,155,0.3065134604780329,0.0072875800757321,0.2823565708651538
Turkey,TUR,2020-08-22,257032,6102,236370.0,1309.0,22.0,801.0,0.004734819010862479,48.15,164,156,0.30808244770157456,0.007313949608900868,0.28331666159552577
Turkey,TUR,2020-08-23,258249,6121,237165.0,1217.0,19.0,795.0,0.005587630542615907,48.15,165,157,0.309541162331865,0.007336723296637531,0.2842695606350335
Turkey,TUR,2020-08-24,259692,6139,237908.0,1443.0,18.0,743.0,0.005783774625325311,48.15,166,158,0.3112707639847073,0.007358298369230159,0.2851601316870514
Turkey,TUR,2020-08-25,261194,6163,238795.0,1502.0,24.0,887.0,0.0050269148602188896,48.15,167,159,0.31307108393104777,0.007387065132686996,0.2862233033198104
Turkey,TUR,2020-08-26,262507,6183,239797.0,1313.0,20.0,1002.0,0.005679848537372356,48.15,168,160,0.3146448656151655,0.0074110374355676936,0.2874243156941333
Turkey,TUR,2020-08-27,263998,6209,240792.0,1491.0,26.0,995.0,0.005746255653451993,48.15,169,161,0.31643200079492156,0.007442201429312601,0.288616937762448
Turkey,TUR,2020-08-28,265515,6245,241809.0,1517.0,36.0,1017.0,0.005833945351486625,48.15,170,162,0.31825029996842247,0.007485351574497857,0.2898359293639315
Turkey,TUR,2020-08-29,267064,6284,242812.0,1549.0,39.0,1003.0,0.005549231644849106,48.15,171,163,0.3201069548265325,0.007532097565115217,0.2910381403533985
Turkey,TUR,2020-08-30,268546,6326,243839.0,1482.0,42.0,1027.0,0.005909602079345877,48.15,172,164,0.3218833024699922,0.007582439401164682,0.29226911810632233
Turkey,TUR,2020-08-31,270133,6370,244926.0,1587.0,44.0,1087.0,0.005819355650735103,48.15,173,165,0.3237855047035756,0.007635178467502217,0.29357201276788825
Turkey,TUR,2020-09-01,271705,6417,245929.0,1572.0,47.0,1003.0,0.005874017776632767,44.44,174,166,0.3256697277099984,0.007691513379271857,0.29477422375735524
Turkey,TUR,2020-09-02,273301,6462,246876.0,1596.0,45.0,947.0,0.006008027778895864,44.44,175,167,0.3275827174798781,0.007745451060753427,0.2959093122987563
Turkey,TUR,2020-09-03,274943,6511,248087.0,1642.0,49.0,1211.0,0.005863033428747055,44.44,176,168,0.32955084354638337,0.007804183202811136,0.2973608352381825
Turkey,TUR,2020-09-04,276555,6564,249108.0,1612.0,53.0,1021.0,0.00604942958905097,47.22,177,169,0.3314830111585676,0.007867709805444986,0.2985846213002421
Turkey,TUR,2020-09-05,278228,6620,250092.0,1673.0,56.0,984.0,0.005671607458631156,47.22,178,170,0.33348829429453797,0.007934832253510939,0.29976405860197247
Turkey,TUR,2020-09-06,279806,6673,251105.0,1578.0,53.0,1013.0,0.0060863598350284764,47.22,179,171,0.335379708991825,0.007998358856144788,0.3009782557428798
Turkey,TUR,2020-09-07,281509,6730,252152.0,1703.0,57.0,1047.0,0.006255572645990082,47.22,180,172,0.3374209505821164,0.008066679919354777,0.3022332057986843
Turkey,TUR,2020-09-08,283270,6782,253245.0,1761.0,52.0,1093.0,0.005906026052882485,47.22,181,173,0.33953171185076186,0.00812900790684459,0.3035432921511144
Turkey,TUR,2020-09-09,284943,6837,254188.0,1673.0,55.0,943.0,0.0053063244227793405,52.78,182,174,0.34153699498673223,0.00819493173976651,0.30467358623193935
Turkey,TUR,2020-09-10,286455,6895,255407.0,1512.0,58.0,1219.0,0.005833376970204807,63.89,183,175,0.34334930108451295,0.008264451418120532,0.30613469809251787
Turkey,TUR,2020-09-11,288126,6951,256524.0,1671.0,56.0,1117.0,0.0052372920180754345,63.89,184,176,0.34535218699019526,0.008331573866186485,0.30747355120840486
Turkey,TUR,2020-09-12,289635,6999,257731.0,1509.0,48.0,1207.0,0.005272152882075609,73.61,185,177,0.3471608972425439,0.00838910739310016,0.30892027968725494
Turkey,TUR,2020-09-13,291162,7056,258833.0,1527.0,57.0,1102.0,0.0058936262286974905,73.61,186,178,0.3489911825674852,0.008457428456310149,0.31024115357598137
Turkey,TUR,2020-09-14,292878,7119,260058.0,1716.0,63.0,1225.0,0.005947869078592349,73.61,187,179,0.35104800615464904,0.008532941210384346,0.3117094571274241
Turkey,TUR,2020-09-15,294620,7186,261260.0,1742.0,67.0,1202.0,0.006011132984861778,73.61,188,180,0.3531359937355578,0.008613248425034683,0.31315019253055404
Turkey,TUR,2020-09-16,296391,7249,262602.0,1771.0,63.0,1342.0,0.005560222813783211,73.61,189,181,0.3552587411556436,0.008688761179108882,0.31475873405384885
Turkey,TUR,2020-09-17,298039,7315,263745.0,1648.0,66.0,1143.0,0.0059421753528901,73.61,190,182,0.3572340589130131,0.008767869778615184,0.3161287511634807
Turkey,TUR,2020-09-18,299810,7377,264805.0,1771.0,62.0,1060.0,0.005129915613221625,73.61,191,183,0.35935680633309885,0.008842183917545347,0.31739928321615773
Turkey,TUR,2020-09-19,301348,7445,266117.0,1538.0,68.0,1312.0,0.005040683860520145,73.61,192,184,0.36120027642462454,0.008923689747339718,0.31897186628513147
Turkey,TUR,2020-09-20,302867,7506,267233.0,1519.0,61.0,1116.0,0.005755001370238322,73.61,193,185,0.3630209728284135,0.008996805271125846,0.32030952078587444
Turkey,TUR,2020-09-21,304610,7574,268435.0,1743.0,68.0,1202.0,0.00555464364269076,69.91,194,186,0.3651101590244663,0.009078311100920219,0.3217502561890043
Turkey,TUR,2020-09-22,306302,7639,269696.0,1692.0,65.0,1261.0,0.00576881639688942,69.91,195,187,0.36713821584817335,0.009156221085282487,0.32326170988563235
Turkey,TUR,2020-09-23,308069,7711,270723.0,1767.0,72.0,1027.0,0.005586410836533329,69.91,196,188,0.36925616880768297,0.009242521375652998,0.32449268763855615
Turkey,TUR,2020-09-24,309790,7785,271964.0,1721.0,74.0,1241.0,0.005374608605829723,69.91,197,189,0.371318985470567,0.00933121889631158,0.3259801690323035
Turkey,TUR,2020-09-25,311455,7858,273282.0,1665.0,73.0,1318.0,0.004851423159043744,69.91,198,190,0.3733146796853851,0.009418717801826126,0.32755994379214143
Turkey,TUR,2020-09-26,312966,7929,274514.0,1511.0,71.0,1232.0,0.004687410134008196,69.91,199,191,0.3751257871680218,0.009503819477052602,0.3290366376495924
Turkey,TUR,2020-09-27,314433,7997,275630.0,1467.0,68.0,1116.0,0.004490622803586142,69.91,200,192,0.376884155584321,0.009585325306846975,0.33037429215033537
Turkey,TUR,2020-09-28,315845,8062,277052.0,1412.0,65.0,1422.0,0.004518038911491384,69.91,201,193,0.37857660016769823,0.009663235291209243,0.33207872288515294
Turkey,TUR,2020-09-29,317272,8130,278504.0,1427.0,68.0,1452.0,0.004384250737537565,69.91,202,194,0.38028702397823605,0.009744741121003615,0.3338191120742916
Turkey,TUR,2020-09-30,318663,8195,279749.0,1391.0,65.0,1245.0,0.004415322770450203,69.91,203,195,0.38195429764358857,0.009822651105365883,0.33531138792861503
Turkey,TUR,2020-10-01,320070,8262,281151.0,1407.0,67.0,1402.0,0.0045052644733964975,69.91,204,196,0.38364074915124563,0.00990295832001622,0.33699184636055196
Turkey,TUR,2020-10-02,321512,8325,282657.0,1442.0,63.0,1506.0,0.0046716763293439545,69.91,205,197,0.38536915218894396,0.009978471074090417,0.33879696076746846
Turkey,TUR,2020-10-03,323014,8384,283868.0,1502.0,59.0,1211.0,0.004423956856359101,69.91,206,198,0.38716947213528435,0.010049189367588475,0.34024848370689476
Turkey,TUR,2020-10-04,324443,8441,285050.0,1429.0,57.0,1182.0,0.004940775421260479,69.91,207,199,0.38888229317611017,0.010117510430798464,0.34166524680714394
Turkey,TUR,2020-10-05,326046,8498,286370.0,1603.0,57.0,1320.0,0.004634315403347911,69.91,208,200,0.3908036732519981,0.010185831494008453,0.34324741879727
Turkey,TUR,2020-10-06,327557,8553,287599.0,1511.0,55.0,1229.0,0.0048266408594535015,71.76,209,201,0.3926147807346348,0.010251755326930371,0.3447205168092889
Turkey,TUR,2020-10-07,329138,8609,288954.0,1581.0,56.0,1355.0,0.004906756436509951,71.76,210,202,0.39450979127735397,0.010318877774996325,0.34634464032945617
Turkey,TUR,2020-10-08,330753,8667,290352.0,1615.0,58.0,1398.0,0.004925125395688124,71.76,211,203,0.3964455547349703,0.010388397453350347,0.34802030430081693
Turkey,TUR,2020-10-09,332382,8722,291754.0,1629.0,55.0,1402.0,0.004961159148209049,71.76,212,204,0.39839809880460314,0.010454321286272267,0.34970076273275386
Turkey,TUR,2020-10-10,334031,8778,293145.0,1649.0,56.0,1391.0,0.004496588639976595,71.76,213,205,0.40037461517711664,0.01052144373433822,0.3513680363981064
Turkey,TUR,2020-10-11,335533,8837,294357.0,1502.0,59.0,1212.0,0.004810257113309291,71.76,214,206,0.40217493512345703,0.010592162027836279,0.35282075795267664
Turkey,TUR,2020-10-12,337147,8895,295658.0,1614.0,58.0,1301.0,0.004840618483925363,71.76,215,207,0.4041094999659294,0.010661681706190302,0.354380156255066
Turkey,TUR,2020-10-13,338779,8957,296972.0,1632.0,62.0,1314.0,0.004932419069658911,71.76,216,208,0.4060656398809943,0.010735995845120465,0.35595513655432787
Turkey,TUR,2020-10-14,340450,9014,298368.0,1671.0,57.0,1396.0,0.0049728300778382195,71.76,217,209,0.4080685257866766,0.010804316908330454,0.3576284032954006
Turkey,TUR,2020-10-15,342143,9080,299679.0,1693.0,66.0,1311.0,0.005296031191636352,71.76,218,210,0.41009778122552765,0.010883425507836756,0.3591997877492303
Turkey,TUR,2020-10-16,343955,9153,301098.0,1812.0,73.0,1419.0,0.0050093762265412956,69.91,219,211,0.41226967186651886,0.010970924413351303,0.3609006226386158
Turkey,TUR,2020-10-17,345678,9224,302499.0,1723.0,71.0,1401.0,0.005250551090899558,69.91,220,212,0.41433488575969096,0.011056026088577779,0.3625798824554087
Turkey,TUR,2020-10-18,347493,9296,304003.0,1815.0,72.0,1504.0,0.00583033327290039,69.91,221,213,0.41651037224611426,0.01114232637894829,0.3643825996320371
Turkey,TUR,2020-10-19,349519,9371,305427.0,2026.0,75.0,1424.0,0.00541887565482857,69.91,222,214,0.41893876652792894,0.011232222514750907,0.3660894275971428
Turkey,TUR,2020-10-20,351413,9445,306939.0,1894.0,74.0,1512.0,0.005728302595521484,69.91,223,215,0.421208943610731,0.011320920035409488,0.36790173369492357
Turkey,TUR,2020-10-21,353426,9513,308446.0,2013.0,68.0,1507.0,0.005947496788578199,69.91,224,216,0.42362175589567325,0.01140242586520386,0.36970804671698415
Turkey,TUR,2020-10-22,355528,9584,310027.0,2102.0,71.0,1581.0,0.006089534438918909,69.91,225,217,0.4261412449284346,0.011487527540430337,0.3716030572597033
Turkey,TUR,2020-10-23,357693,9658,311520.0,2165.0,74.0,1493.0,0.005845795137170651,69.91,226,218,0.4287362467152701,0.01157622506108892,0.37339258966974737
Turkey,TUR,2020-10-24,359784,9727,313093.0,2091.0,69.0,1573.0,0.005606141462655367,69.91,227,219,0.43124255098144704,0.011658929506027326,0.3752780112913142
Turkey,TUR,2020-10-25,361801,9799,314390.0,2017.0,72.0,1297.0,0.006075162865774253,69.91,228,220,0.4336601577269654,0.011745229796397838,0.3768326151331275
Turkey,TUR,2020-10-26,363999,9874,316008.0,2198.0,75.0,1618.0,0.006068697990928573,69.91,229,221,0.4362947138135541,0.011835125932200454,0.37877197443617594
Turkey,TUR,2020-10-27,366208,9950,317519.0,2209.0,76.0,1511.0,0.006294237154840898,69.91,230,222,0.43894245466672716,0.011926220683147106,0.3805830819188126
Turkey,TUR,2020-10-28,368513,10027,319181.0,2305.0,77.0,1662.0,0.006292858053854378,69.91,231,223,0.44170526257372755,0.012018514049237792,0.38257518028819865
Turkey,TUR,2020-10-29,370832,10099,320762.0,2319.0,72.0,1581.0,0.006261595547309762,62.5,232,224,0.44448485109274444,0.012104814339608303,0.38447019083091777
Turkey,TUR,2020-10-30,373154,10177,322465.0,2322.0,78.0,1703.0,0.005930527342598468,62.5,233,225,0.44726803545719346,0.012198306320843025,0.38651143242120917
Turkey,TUR,2020-10-31,375367,10252,323971.0,2213.0,75.0,1506.0,0.005610509181680934,62.5,234,226,0.44992057077094266,0.012288202456645641,0.3883165468281257
Turkey,TUR,2020-11-01,377473,10326,325486.0,2106.0,74.0,1515.0,0.006098449425521846,62.5,235,227,0.45244485426428016,0.012376899977304222,0.39013244877133857
Turkey,TUR,2020-11-02,379775,10402,327007.0,2302.0,76.0,1521.0,0.006169442433019645,62.5,236,228,0.4552040663258484,0.012467994728250874,0.39195554240541564
Turkey,TUR,2020-11-03,382118,10481,328824.0,2343.0,79.0,1817.0,0.006257229442214296,62.5,237,229,0.4580124216083222,0.01256268532462963,0.39413342612212704
Turkey,TUR,2020-11-04,384509,10558,330665.0,2391.0,77.0,1841.0,0.006010262438590486,62.5,238,230,0.4608783104177096,0.012654978690720315,0.39634007660229525
Turkey,TUR,2020-11-05,386820,10639,332379.0,2311.0,81.0,1714.0,0.006297502714440739,62.5,239,231,0.4636483100155742,0.012752066517387141,0.39839450295917106
Turkey,TUR,2020-11-06,389256,10722,334293.0,2436.0,83.0,1914.0,0.006378835522124149,62.5,240,232,0.4665681365064432,0.012851551574342037,0.4006886523448538
Turkey,TUR,2020-11-07,391739,10803,336221.0,2483.0,81.0,1928.0,0.006422643647939097,62.5,241,233,0.4695442979090818,0.012948639401008863,0.40299958234255306
Turkey,TUR,2020-11-08,394255,10887,338239.0,2516.0,84.0,2018.0,0.006533842310179949,62.5,242,234,0.4725600136114736,0.013049323073107792,0.4054183877032155
Turkey,TUR,2020-11-09,396831,10972,340286.0,2576.0,85.0,2047.0,0.006372990013381097,62.5,243,235,0.47564764622250744,0.013151205360350759,0.4078719529030549
Turkey,TUR,2020-11-10,399360,11059,342501.0,2529.0,87.0,2215.0,0.006743289262820529,62.5,244,236,0.4786789439217717,0.013255484877881793,0.41052688544709215
Turkey,TUR,2020-11-11,402053,11145,344613.0,2693.0,86.0,2112.0,0.007066232561378616,62.5,245,237,0.4819068145046576,0.013358565780268793,0.4130583606312938
Turkey,TUR,2020-11-12,404894,11233,346794.0,2841.0,88.0,2181.0,0.0075204868434701755,62.5,246,238,0.48531208012886073,0.013464043912943863,0.4156725402604339
Turkey,TUR,2020-11-13,407939,11326,348804.0,3045.0,93.0,2010.0,0.007638396917186041,62.5,247,239,0.48896186324244695,0.013575515121339107,0.418081756699944
Turkey,TUR,2020-11-14,411055,11418,351102.0,3116.0,92.0,2298.0,0.007840799892958383,62.5,248,240,0.4926967480312596,0.013685787714590317,0.42083617430093617
Turkey,TUR,2020-11-15,414278,11507,353663.0,3223.0,89.0,2561.0,0.008004286976378117,62.5,249,241,0.49655988464048406,0.01379246446240942,0.4239058276848095
Turkey,TUR,2020-11-16,417594,11601,356375.0,3316.0,94.0,2712.0,0.009145246339746338,62.5,250,242,0.5005344924581038,0.0139051342859487,0.42715647195543216
Turkey,TUR,2020-11-17,421413,11704,359063.0,3819.0,103.0,2688.0,0.010002064483060513,62.5,251,243,0.505112003693173,0.014028591645784294,0.4303783494625979
Turkey,TUR,2020-11-18,425628,11820,361655.0,4215.0,116.0,2592.0,0.010671290422622492,62.5,252,244,0.5101641665252801,0.01416763100249234,0.43348515991593634
Turkey,TUR,2020-11-19,430170,11943,364573.0,4542.0,123.0,2918.0,0.011862751935281413,62.5,253,245,0.5156082765094865,0.01431506066520863,0.43698271890623014
Turkey,TUR,2020-11-20,435273,12084,367592.0,5103.0,141.0,3019.0,0.01270926521975868,66.2,254,246,0.5217248095894965,0.01448406540051755,0.44060133802607143
Turkey,TUR,2020-11-21,440805,12219,370825.0,5532.0,135.0,3233.0,0.013650026655777525,66.2,255,247,0.5283555485662975,0.014645878444962259,0.4444764607867362
Turkey,TUR,2020-11-22,446822,12358,374637.0,6017.0,139.0,3812.0,0.015023879755249325,66.2,256,248,0.5355676158879554,0.014812485949983108,0.4490455817157972
Turkey,TUR,2020-11-23,453535,12511,377891.0,6713.0,153.0,3254.0,0.016274377942165463,66.2,257,249,0.5436139193498616,0.014995874067020446,0.4529458753944867
Turkey,TUR,2020-11-24,460916,12672,381569.0,7381.0,161.0,3678.0,0.014783604821702934,66.2,258,250,0.552460897727983,0.015188851105210063,0.45735438189424704
Turkey,TUR,2020-11-25,467730,12840,385480.0,6814.0,168.0,3911.0,0.07698458512389617,66.2,259,251,0.5606282613194368,0.015390218449407923,0.46204216572256745
Turkey,TUR,2020-11-26,503738,13014,388771.0,36008.0,174.0,3291.0,0.08835148430334816,66.2,260,252,0.6037879954258449,0.015598777484469993,0.4659868081615863
Turkey,TUR,2020-11-27,548244,13191,392616.0,44506.0,177.0,3845.0,0.05490803364925112,66.2,261,253,0.6571335610262615,0.015810932364964166,0.4705954833904004
Turkey,TUR,2020-11-28,578347,13373,396227.0,30103.0,182.0,3611.0,0.0506287747667058,66.2,262,254,0.6932154727071436,0.016029080321178515,0.4749236826755104
Turkey,TUR,2020-11-29,607628,13558,400242.0,29281.0,185.0,4015.0,0.05137847498798598,66.2,263,255,0.7283121227396291,0.01625082412282497,0.4797361224788104
Turkey,TUR,2020-11-30,638847,13746,404727.0,31219.0,188.0,4485.0,0.04713178585795963,66.2,264,256,0.7657316889212542,0.01647616376990353,0.4851119113998069
Turkey,TUR,2020-12-01,668957,13936,409320.0,30110.0,190.0,4593.0,0.047720556029759775,66.2,265,257,0.8018219909081445,0.01670390064727016,0.49061715075635914
Turkey,TUR,2020-12-02,700880,14129,414141.0,31923.0,193.0,4821.0,0.0462004908115512,66.2,266,258,0.8400853821511702,0.01693523337006889,0.49639567436575127
Turkey,TUR,2020-12-03,733261,14316,418331.0,32381.0,187.0,4190.0,0.044644403561624024,66.2,267,259,0.8788977391301638,0.017159374402003415,0.5014178718192575
Turkey,TUR,2020-12-04,765997,14509,423142.0,32736.0,193.0,4811.0,0.041639849764424586,66.2,268,260,0.9181356044852897,0.017390707124802146,0.5071844092772093
Turkey,TUR,2020-12-05,797893,14705,427242.0,31896.0,196.0,4100.0,0.03810285339011621,66.2,269,261,0.9563666331194265,0.017625635693032982,0.5120987313677523
Turkey,TUR,2020-12-06,828295,14900,431253.0,30402.0,195.0,4011.0,0.038798978624765335,66.2,270,262,0.992806930728375,0.017859365646119785,0.5169063767104762
Turkey,TUR,2020-12-07,860432,15103,436270.0,32137.0,203.0,5017.0,0.038582944381426953,62.5,271,263,1.031326825612224,0.018102684520358868,0.5229198288880993
Turkey,TUR,2020-12-08,893630,15314,441515.0,33198.0,211.0,5245.0,0.035486722692837036,62.5,272,264,1.0711184511638943,0.01835559231575023,0.5292065653185622
Turkey,TUR,2020-12-09,925342,15531,447361.0,31712.0,217.0,5846.0,0.8896440451206149,62.5,273,265,1.1091289346115285,0.0186156918020058,0.5362136694505901
Turkey,TUR,2020-12-10,1748567,15751,452593.0,823225.0,220.0,5232.0,0.01836132101314969,62.5,274,266,2.095858886559647,0.018879387133693474,0.5424848238841807
Turkey,TUR,2020-12-11,1780673,15977,458109.0,32106.0,226.0,5516.0,0.016362352885678666,62.5,275,267,2.1343416243740307,0.01915027415624536,0.5490963850186771
Turkey,TUR,2020-12-12,1809809,16199,1581565.0,29136.0,222.0,1123456.0,0.014873945261627108,62.5,276,268,2.169264475210631,0.0194163667182211,1.8956877602755329
Turkey,TUR,2020-12-13,1836728,16417,1603780.0,26919.0,218.0,22215.0,0.01612486987730355,62.5,277,269,2.2015299962729062,0.019677664819620706,1.9223149957002679
Turkey,TUR,2020-12-14,1866345,16646,1631944.0,29617.0,229.0,28164.0,0.017200464008530147,62.5,278,270,2.2370293809937873,0.019952147687604695,1.9560727926168664
Turkey,TUR,2020-12-15,1898447,16881,1661191.0,32102.0,235.0,29247.0,0.015653847592268733,62.5,279,271,2.275507324347595,0.020233822246452895,1.9911286897344547
Turkey,TUR,2020-12-16,1928165,17121,1691113.0,29718.0,240.0,29922.0,0.014270044316746722,62.5,280,272,2.311127769198024,0.020521489881021267,2.0269936520742666
Turkey,TUR,2020-12-17,1955680,17364,1721607.0,27515.0,243.0,30494.0,0.0135042542747279,62.5,281,273,2.3441076648861436,0.020812753361021744,2.0635442222764664
Turkey,TUR,2020-12-18,1982090,17610,1753552.0,26410.0,246.0,31945.0,0.01119777608483985,62.5,282,274,2.3757630908401053,0.021107612686454325,2.1018339830526607
Turkey,TUR,2020-12-19,2004285,17851,1779068.0,22195.0,241.0,25516.0,0.010136283013643332,62.5,283,275,2.4023663539619595,0.02139647893616673,2.1324178470678548
Turkey,TUR,2020-12-20,2024601,18097,1800286.0,20316.0,246.0,21218.0,0.009435439377931676,62.5,284,276,2.426717419228172,0.021691338261599313,2.1578500631939868
Turkey,TUR,2020-12-21,2043704,18351,1834705.0,19103.0,254.0,34419.0,0.009422108093931403,62.5,285,277,2.4496145643246705,0.021995786508184175,2.1991051978365235
Turkey,TUR,2020-12-22,2062960,18602,1866815.0,19256.0,251.0,32110.0,0.009525148330554067,62.5,286,278,2.4726950975382063,0.02229663890933693,2.237592730111484
Turkey,TUR,2020-12-23,2082610,18861,1901307.0,19650.0,259.0,34492.0,0.008691977854711208,62.5,287,279,2.4962478851184917,0.022607080231641964,2.278935363659535
Turkey,TUR,2020-12-24,2100712,19115,1935292.0,18102.0,254.0,33985.0,0.00835097814455299,62.5,288,280,2.517945216455811,0.022911528478226827,2.3196702993295606
Turkey,TUR,2020-12-25,2118255,19371,1970803.0,17543.0,256.0,35511.0,0.007137006639899246,62.5,289,281,2.538972521927615,0.023218373955099757,2.3622343217093835
Turkey,TUR,2020-12-26,2133373,19624,1994034.0,15118.0,253.0,23231.0,0.006658469944074374,62.5,290,282,2.557093185675135,0.023521623586540582,2.390079350120458
Turkey,TUR,2020-12-27,2147578,19878,2015230.0,14205.0,254.0,21196.0,0.007076343676457819,62.5,291,283,2.57411951379615,0.023826071833125444,2.4154851967134214
Turkey,TUR,2020-12-28,2162775,20135,2037433.0,15197.0,257.0,22203.0,0.007307741212100094,62.5,292,284,2.5923348681400484,0.024134115925142408,2.442098048756428
Turkey,TUR,2020-12-29,2178580,20388,2058437.0,15805.0,253.0,21004.0,0.007202856906792565,62.5,293,285,2.6112789804915195,0.024437365556583233,2.4672737612417364
Turkey,TUR,2020-12-30,2194272,20642,2078629.0,15692.0,254.0,20192.0,0.006553426375581539,65.28,294,286,2.630087649331715,0.024741813803168096,2.491476198230089
Turkey,TUR,2020-12-31,2208652,20881,2100650.0,14380.0,239.0,22021.0,0.0055250895116116805,80.09,295,287,2.647323735102937,0.025028282822592434,2.517870902316881
Turkey,TUR,2021-01-01,2220855,21093,2114760.0,12203.0,212.0,14110.0,0.005034097228319823,80.09,296,288,2.6619504357055943,0.02528238923312783,2.5347833619992133
Turkey,TUR,2021-01-02,2232035,21295,2126432.0,11180.0,202.0,11672.0,0.0044251098213066165,80.09,297,289,2.6753509530159043,0.025524509492222874,2.5487735979603885
Turkey,TUR,2021-01-03,2241912,21488,2136534.0,9877.0,193.0,10102.0,0.006108625137828838,80.09,298,290,2.687189674793537,0.02575584221502161,2.560882008145429
Turkey,TUR,2021-01-04,2255607,21685,2146430.0,13695.0,197.0,9896.0,0.006425764771966103,80.09,299,291,2.7036047091910946,0.02599196939839648,2.572743503610798
Turkey,TUR,2021-01-05,2270101,21879,2155338.0,14494.0,194.0,8908.0,0.006092239948795264,80.09,300,292,2.7209774370887363,0.026224500736339248,2.5834207673138607
Turkey,TUR,2021-01-06,2283931,22070,2164040.0,13830.0,191.0,8702.0,0.005328970095856755,65.28,301,293,2.737554284530739,0.02645343622884991,2.5938511162972526
Turkey,TUR,2021-01-07,2296102,22264,2172251.0,12171.0,194.0,8211.0,0.004999342363710246,65.28,302,294,2.7521426294487874,0.02668596756679268,2.603692945244923
Turkey,TUR,2021-01-08,2307581,22450,2182145.0,11479.0,186.0,9894.0,0.004132899343511687,65.28,303,295,2.765901532687164,0.026908909983583168,2.615552043480004
Turkey,TUR,2021-01-09,2317118,22631,2190047.0,9537.0,181.0,7902.0,0.003943692120988329,65.28,304,296,2.7773327253158246,0.027125859324653483,2.625023500348168
Turkey,TUR,2021-01-10,2326256,22807,2198150.0,9138.0,176.0,8103.0,0.004393325584114649,65.28,305,297,2.7882856705020154,0.027336815590003623,2.6347358788602824
Turkey,TUR,2021-01-11,2336476,22981,2208451.0,10220.0,174.0,10301.0,0.004198202763477932,65.28,306,298,2.800535517274052,0.02754537462506569,2.6470828134589857
Turkey,TUR,2021-01-12,2346285,23152,2218464.0,9809.0,171.0,10013.0,0.004071969091563821,65.28,307,299,2.81229273322189,0.027750337814695658,2.659084546896207
Turkey,TUR,2021-01-13,2355839,23325,2227927.0,9554.0,173.0,9463.0,0.0038041648856310672,65.28,308,300,2.8237443023079996,0.027957698234613693,2.670427042004209
Turkey,TUR,2021-01-14,2364801,23495,2236938.0,8962.0,170.0,9011.0,0.0035157292304934806,65.28,309,301,2.83448629122884,0.028161462809099622,2.6812277630671075
Turkey,TUR,2021-01-15,2373115,23664,2246047.0,8314.0,169.0,9109.0,0.0031814724528731464,73.61,310,302,2.844451577536346,0.028364028768441518,2.6921459484141215
Turkey,TUR,2021-01-16,2380665,23832,2254052.0,7550.0,168.0,8005.0,0.0027034463059691927,73.61,311,303,2.8535011218738093,0.02856539611263938,2.7017408626421204
Turkey,TUR,2021-01-17,2387101,23997,2262864.0,6436.0,165.0,8812.0,0.0024556983554528955,73.61,312,304,2.861215408940818,0.028763167611405134,2.7123030592913557
Turkey,TUR,2021-01-18,2392963,24161,2270769.0,5862.0,164.0,7905.0,0.002849187388187735,73.61,313,305,2.8682416909151502,0.028959740495026857,2.7217781120049516
Turkey,TUR,2021-01-19,2399781,24328,2277987.0,6818.0,167.0,7218.0,0.002681494686390229,73.61,314,306,2.8764138489671804,0.029159909224080682,2.7304297161145956
Turkey,TUR,2021-01-20,2406216,24487,2283919.0,6435.0,159.0,5932.0,0.002613647320107493,73.61,315,307,2.884126937419045,0.02935048903198223,2.7375399011490105
Turkey,TUR,2021-01-21,2412505,24640,2290032.0,6289.0,153.0,6113.0,0.0024733627495072685,73.61,316,308,2.8916650280598803,0.029533877149019564,2.7448670355244955
Turkey,TUR,2021-01-22,2418472,24789,2296050.0,5967.0,149.0,6018.0,0.002421363571709634,73.61,317,309,2.898817164624336,0.029712470805480763,2.7520803014612976
Turkey,TUR,2021-01-23,2424328,24933,2301861.0,5856.0,144.0,5811.0,0.002176685662996114,73.61,318,310,2.9058362549078045,0.029885071386221786,2.7590454540632843
Turkey,TUR,2021-01-24,2429605,25073,2307721.0,5277.0,140.0,5860.0,0.0023221881746209316,73.61,319,311,2.912161347022877,0.03005287750638667,2.7660693388073287
Turkey,TUR,2021-01-25,2435247,25210,2314403.0,5642.0,137.0,6682.0,0.0029167472539746164,64.35,320,312,2.9189239336655217,0.03021708778111945,2.77407848519977
Turkey,TUR,2021-01-26,2442350,25344,2322511.0,7103.0,134.0,8108.0,0.003066309087559116,69.91,321,313,2.9274376970336013,0.030377702210420125,2.7837968567876046
Turkey,TUR,2021-01-27,2449839,25476,2331314.0,7489.0,132.0,8803.0,0.0029712156594781103,69.91,322,314,2.9364141258472785,0.03053591940943273,2.7943482659005436
Turkey,TUR,2021-01-28,2457118,25605,2340216.0,7279.0,129.0,8902.0,0.002813051713430159,69.91,323,315,2.9451388454807086,0.03069054076301323,2.8050183379127422
Turkey,TUR,2021-01-29,2464030,25736,2348309.0,6912.0,131.0,8093.0,0.0027885212436535856,69.91,324,316,2.9534236733562778,0.0308475593468818,2.814718730273417
Turkey,TUR,2021-01-30,2470901,25865,2355409.0,6871.0,129.0,7100.0,0.0026557114186283037,73.61,325,317,2.9616593580109414,0.0310021807004623,2.8232288977960645
Turkey,TUR,2021-01-31,2477463,25993,2362415.0,6562.0,128.0,7006.0,0.0031156872978526096,73.61,326,318,2.969524670586098,0.031155603438898765,2.8316263954951726
Turkey,TUR,2021-02-01,2485182,26117,2370431.0,7719.0,124.0,8016.0,0.003136591203380723,68.06,327,319,2.9787767808829035,0.03130423171675909,2.8412344944897563
Turkey,TUR,2021-02-02,2492977,26237,2379070.0,7795.0,120.0,8639.0,0.00324992970252036,68.06,328,320,2.9881199859306555,0.03144806553404328,2.8515893307190736
Turkey,TUR,2021-02-03,2501079,26354,2387384.0,8102.0,117.0,8314.0,0.003162235179296591,68.06,329,321,2.997831165827626,0.03158830350589536,2.86155461702658
Turkey,TUR,2021-02-04,2508988,26467,2396199.0,7909.0,113.0,8815.0,0.0031490784332168786,68.06,330,322,3.007311013001798,0.0317237470171713,2.8721204095212474
Turkey,TUR,2021-02-05,2516889,26577,2404416.0,7901.0,110.0,8217.0,0.003137603605085415,68.06,331,323,3.0167812712548177,0.03185559468301514,2.881969430159782
Turkey,TUR,2021-02-06,2524786,26685,2412505.0,7897.0,108.0,8089.0,0.002641808058187811,68.06,332,324,3.0262467350472613,0.03198504511857091,2.8916650280598803
Turkey,TUR,2021-02-07,2531456,26797,2420706.0,6670.0,112.0,8201.0,0.0032009246852404694,68.06,333,325,3.0342414980579737,0.03211929001470281,2.9014948708561104
Turkey,TUR,2021-02-08,2539559,26900,2429273.0,8103.0,103.0,8567.0,0.003400590417470095,69.44,334,326,3.0439538765700886,0.0322427473745384,2.9117634067950573
Turkey,TUR,2021-02-09,2548195,26998,2437382.0,8636.0,98.0,8109.0,0.0033914202013582972,69.44,335,327,3.054305116953974,0.032360211658653826,2.921482976998036
Turkey,TUR,2021-02-10,2556837,27093,2445285.0,8642.0,95.0,7903.0,0.0029685114850888095,69.44,336,328,3.0646635490287233,0.03247408009733714,2.9309556324813437
Turkey,TUR,2021-02-11,2564427,27187,2453096.0,7590.0,94.0,7811.0,0.0030271869700326803,69.44,337,329,3.073761037971948,0.032586749920876415,2.9403180153714
Turkey,TUR,2021-02-12,2572190,27284,2461204.0,7763.0,97.0,8108.0,0.002995890661265266,69.44,338,330,3.0830658873350907,0.032703015589847804,2.950036386959235
Turkey,TUR,2021-02-13,2579896,27377,2468419.0,7706.0,93.0,7215.0,0.0024369199378579953,69.44,339,331,3.0923024156350234,0.032814486798243045,2.9586843952234467
Turkey,TUR,2021-02-14,2586183,27471,2475329.0,6287.0,94.0,6910.0,0.003072095052824908,69.44,340,332,3.099838109045571,0.032927156621782326,2.966966825868728
Turkey,TUR,2021-02-15,2594128,27562,2482435.0,7945.0,91.0,7106.0,0.0030476522361271297,72.22,341,333,3.1093611063649282,0.0330362305998895,2.9754841850822396
Turkey,TUR,2021-02-16,2602034,27652,2489624.0,7906.0,90.0,7189.0,0.0028151054136880127,72.22,342,334,3.118837357693668,0.03314410596285264,2.9841010293527064
Turkey,TUR,2021-02-17,2609359,27738,2496833.0,7325.0,86.0,7209.0,0.002775011027612573,72.22,343,335,3.1276172136237235,0.03324718686523964,2.9927418459260537
Turkey,TUR,2021-02-18,2616600,27821,2504050.0,7241.0,83.0,7217.0,0.0028353588626461868,72.22,344,336,3.13629638588168,0.03334667192219454,3.0013922514205538
Turkey,TUR,2021-02-19,2624019,27903,2511548.0,7419.0,82.0,7498.0,0.002994261855573388,72.22,345,337,3.145188911635275,0.03344495836400539,3.010379467770527
Turkey,TUR,2021-02-20,2631876,27983,2518758.0,7857.0,80.0,7210.0,0.002487199244949334,72.22,346,338,3.154606430821957,0.033540847575528186,3.019021482959019
Turkey,TUR,2021-02-21,2638422,28060,2523760.0,6546.0,77.0,5002.0,0.00307153290868567,72.22,347,339,3.1624525655548092,0.03363314094161887,3.0250169559094813
Turkey,TUR,2021-02-22,2646526,28138,2529450.0,8104.0,78.0,5690.0,0.0034411148804129876,72.22,348,340,3.172166142682068,0.03372663292285359,3.03183707607904
Turkey,TUR,2021-02-23,2655633,28213,2534996.0,9107.0,75.0,5546.0,0.003600271573670044,72.22,349,341,3.1830819307987936,0.03381652905865621,3.0384845956678572
Turkey,TUR,2021-02-24,2665194,28285,2540293.0,9561.0,72.0,5297.0,0.0035914833967058968,72.22,350,342,3.1945418901909113,0.03390282934902672,3.04483366008581
Turkey,TUR,2021-02-25,2674766,28358,2546503.0,9572.0,73.0,6210.0,0.0034414225393921694,72.22,351,343,3.206015034349613,0.03399032825454127,3.0522770601302667
Turkey,TUR,2021-02-26,2683971,28432,2556785.0,9205.0,74.0,10282.0,0.003425148781413867,72.22,352,344,3.217048286750454,0.03407902577519985,3.0646012210412334
Turkey,TUR,2021-02-27,2693164,28503,2565723.0,9193.0,71.0,8938.0,0.003127919428597803,72.22,353,345,3.228067155769567,0.034164127450426324,3.075314443198617
Turkey,TUR,2021-02-28,2701588,28569,2572234.0,8424.0,66.0,6511.0,0.003661180017086263,72.22,354,346,3.238164289742917,0.03424323604993263,3.0831186264014283
Turkey,TUR,2021-03-01,2711479,28638,2578181.0,9891.0,69.0,5947.0,0.004365514171417173,66.67,355,347,3.2500197921325658,0.03432594049487104,3.0902467906630036
Turkey,TUR,2021-03-02,2723316,28706,2586073.0,11837.0,68.0,7892.0,0.004230137082879892,64.81,356,348,3.2642077995925067,0.03440744632466541,3.099706261379727
Turkey,TUR,2021-03-03,2734836,28771,2593264.0,11520.0,65.0,7191.0,0.0041399191761406495,64.81,357,349,3.2780158460517885,0.03448535630902767,3.108325502880482
Turkey,TUR,2021-03-04,2746158,28839,2601137.0,11322.0,68.0,7873.0,0.004115568004462888,64.81,358,350,3.2915865667125517,0.03456686213882205,3.1177621999094685
Turkey,TUR,2021-03-05,2757460,28901,2608848.0,11302.0,62.0,7711.0,0.0042684209381096405,64.81,359,351,3.305133315070434,0.03464117627775221,3.1270047212851217
Turkey,TUR,2021-03-06,2769230,28965,2616139.0,11770.0,64.0,7291.0,0.004039751122153046,64.81,360,352,3.3192410153157246,0.034717887646970445,3.1357438243002798
Turkey,TUR,2021-03-07,2780417,29030,2623924.0,11187.0,65.0,7785.0,0.0047528841896737895,64.81,361,353,3.3326499229320428,0.03479579763133271,3.1450750431965915
Turkey,TUR,2021-03-08,2793632,29094,2632030.0,13215.0,64.0,8106.0,0.004923697895785839,64.81,362,354,3.348489622060464,0.034872509000550944,3.1547910175541385
Turkey,TUR,2021-03-09,2807387,29160,2640669.0,13755.0,66.0,8639.0,0.005184892570921029,72.22,363,355,3.3649765733666634,0.034951617600057244,3.165145853783456
Turkey,TUR,2021-03-10,2821943,29227,2649862.0,14556.0,67.0,9193.0,0.004977421585056874,72.22,364,356,3.382423615403235,0.035031924814707585,3.1761647228025685
Turkey,TUR,2021-03-11,2835989,29290,2659093.0,14046.0,63.0,9231.0,0.00526835611844767,72.22,365,357,3.3992593637163493,0.035107437568781784,3.1872291391971546
Turkey,TUR,2021-03-12,2850930,29356,2670273.0,14941.0,66.0,11180.0,0.005290203547614336,72.22,366,358,3.4171678725833745,0.035186546168288084,3.2006296565074646
Turkey,TUR,2021-03-13,2866012,29421,2685560.0,15082.0,65.0,15287.0,0.004667810183627941,72.22,367,359,3.435245386185709,0.03526445615265035,3.2189528862143257
Turkey,TUR,2021-03-14,2879390,29489,2701076.0,13378.0,68.0,15516.0,0.005384126499015318,72.22,368,360,3.4512804595826077,0.035345961982444725,3.237550598789171
Turkey,TUR,2021-03-15,2894893,29552,2716969.0,15503.0,63.0,15893.0,0.00578570606927431,72.22,369,361,3.4698625901605804,0.035421474736518924,3.256600189273317
Turkey,TUR,2021-03-16,2911642,29623,2734862.0,16749.0,71.0,17893.0,0.0064953040243271865,72.22,370,362,3.4899381952080204,0.0355065764117454,3.2780470100455337
Turkey,TUR,2021-03-17,2930554,29696,2752023.0,18912.0,73.0,17161.0,0.006841368560347227,72.22,371,363,3.5126064048120083,0.03559407531725994,3.2986164445323163
Turkey,TUR,2021-03-18,2950603,29777,2770638.0,20049.0,81.0,18615.0,0.00712735667929576,72.22,372,364,3.5366374398347635,0.03569116314392677,3.3209286654385255
Turkey,TUR,2021-03-19,2971633,29864,2788757.0,21030.0,87.0,18119.0,0.007087348942483862,72.22,373,365,3.561844316313817,0.0357954426614578,3.342646373233294
Turkey,TUR,2021-03-20,2992694,29959,2807572.0,21061.0,95.0,18815.0,0.006825956813493184,72.22,374,366,3.587088349862336,0.03590931110014112,3.36519831716831
Turkey,TUR,2021-03-21,3013122,30061,2825187.0,20428.0,102.0,17615.0,0.007373083466251984,72.22,375,367,3.6115736600246806,0.036031569844832675,3.3863119229304846
Turkey,TUR,2021-03-22,3035338,30178,2844681.0,22216.0,117.0,19494.0,0.008625728007885858,72.22,376,368,3.63820209406456,0.03617180781668476,3.4096777265483005
Turkey,TUR,2021-03-23,3061520,30316,2863882.0,26182.0,138.0,19201.0,0.009721314902401357,72.22,377,369,3.669584235765681,0.03633721670656157,3.4326923359289143
Turkey,TUR,2021-03-24,3091282,30462,2881643.0,29762.0,146.0,17761.0,0.009294202211250768,72.22,378,370,3.7052574196824475,0.036512214517590666,3.453980939502118
Turkey,TUR,2021-03-25,3120013,30619,2900829.0,28731.0,157.0,19186.0,0.009320794496689544,72.22,379,371,3.7396948313857137,0.036700397095204146,3.4769775696555714
Turkey,TUR,2021-03-26,3149094,30772,2921037.0,29081.0,153.0,20208.0,0.009533218125594267,72.22,380,372,3.774551758389392,0.036883785212241484,3.5011991844862282
Turkey,TUR,2021-03-27,3179115,30923,2939929.0,30021.0,151.0,18892.0,0.009140279606116852,72.22,381,373,3.8105353836284634,0.03706477609899075,3.5238434217873356
Turkey,TUR,2021-03-28,3208173,31076,2957093.0,29058.0,153.0,17164.0,0.010100452812239258,72.22,382,374,3.845364742483829,0.037248164216028085,3.5444164521195503
Turkey,TUR,2021-03-29,3240577,31230,2975108.0,32404.0,154.0,18015.0,0.011511221612694245,72.22,383,375,3.8842046676111353,0.037432750948209456,3.5660095039393385
Turkey,TUR,2021-03-30,3277880,31385,2995033.0,37303.0,155.0,19925.0,0.01199006675046066,72.22,384,376,3.928916608329069,0.03761853629553486,3.5898919106842335
Turkey,TUR,2021-03-31,3317182,31537,3014226.0,39302.0,152.0,19193.0,0.012301405228896112,72.22,385,377,3.976024580719928,0.037800725797428165,3.612896931143695
Turkey,TUR,2021-04-01,3357988,31713,3035043.0,40806.0,176.0,20817.0,0.01259921119432228,72.22,386,378,4.024935270287416,0.03801168206277831,3.6378485025970693
Turkey,TUR,2021-04-02,3400296,31892,3059462.0,42308.0,179.0,24419.0,0.01316238351014154,72.22,387,379,4.075646279801243,0.03822623417356055,3.6671174857992574
Turkey,TUR,2021-04-03,3445052,32078,3082676.0,44756.0,186.0,23214.0,0.012190817439040158,72.22,388,380,4.129291499187668,0.03844917659035104,3.694942137752883
Turkey,TUR,2021-04-04,3487050,32263,3105350.0,41998.0,185.0,22674.0,0.012202578110437123,72.22,389,381,4.179630938006846,0.038670920391997494,3.72211953752873
Turkey,TUR,2021-04-05,3529601,32456,3130977.0,42551.0,193.0,25627.0,0.014048046790557933,72.22,390,382,4.230633211000674,0.038902253114796226,3.752836447824912
Turkey,TUR,2021-04-06,3579185,32667,3159475.0,49584.0,211.0,28498.0,0.015293984524409776,72.22,391,383,4.2900653443025,0.039155160910187586,3.7869945821996183
Turkey,TUR,2021-04-07,3633925,32943,3194978.0,54740.0,276.0,35503.0,0.01539409866741881,72.22,392,384,4.35567753728697,0.03948597868994121,3.8295490156582885
Turkey,TUR,2021-04-08,3689866,33201,3232892.0,55941.0,258.0,37914.0,0.015120061270517793,72.22,393,385,4.422729267059425,0.03979522139710222,3.8749933102292275
Turkey,TUR,2021-04-09,3745657,33454,3268678.0,55791.0,253.0,35786.0,0.014063220417673161,72.22,394,386,4.489601204560275,0.04009847102854304,3.9178869517736596
Turkey,TUR,2021-04-10,3798333,33702,3301217.0,52676.0,248.0,32539.0,0.013342168788255337,72.22,395,387,4.5527394558874565,0.04039572758426369,3.9568886899454108
Turkey,TUR,2021-04-11,3849011,33939,3331411.0,50678.0,237.0,30194.0,0.014175589521568055,72.22,396,388,4.6134828741568565,0.04067979937339996,3.9930796756044002
Turkey,TUR,2021-04-12,3903573,34182,3372629.0,54562.0,243.0,41218.0,0.015162262880699329,72.22,397,389,4.678881713645688,0.040971062853400436,4.04248419461123
Turkey,TUR,2021-04-13,3962760,34455,3424733.0,59187.0,273.0,52104.0,0.015846783554896104,83.33,398,390,4.749824148175681,0.04129828478772196,4.104936838076024
Turkey,TUR,2021-04-14,4025557,34734,3480146.0,62797.0,279.0,55413.0,0.015252547659864168,83.33,399,391,4.825093583375639,0.0416326984129077,4.1713556990524285
Turkey,TUR,2021-04-15,4086957,35031,3535040.0,61400.0,297.0,54894.0,0.015434955640590386,83.33,400,392,4.898688553219381,0.041988687110686054,4.2371524787690795
Turkey,TUR,2021-04-16,4150039,35320,3591550.0,63082.0,289.0,56510.0,0.015085641363852265,83.33,401,393,4.97429959373539,0.042335086887312134,4.304886220558491
Turkey,TUR,2021-04-17,4212645,35608,3643734.0,62606.0,288.0,52184.0,0.01324630962257678,83.33,402,394,5.049340093442838,0.04268028804879418,4.367434753234807
Turkey,TUR,2021-04-18,4268447,35926,3687590.0,55802.0,318.0,43856.0,0.01292015573814087,83.33,403,395,5.116225215710273,0.043061447664597276,4.420001218991602
Turkey,TUR,2021-04-19,4323596,36267,3736537.0,55149.0,341.0,48947.0,0.014115102336111018,83.33,404,396,5.182327642288652,0.043470175428713176,4.478669834446677
Turkey,TUR,2021-04-20,4384624,36613,3792129.0,61028.0,346.0,55592.0,0.014132796791697544,83.33,405,397,5.255476727298814,0.043884896268549245,4.545303247533864
Turkey,TUR,2021-04-21,4446591,36975,3844342.0,61967.0,362.0,52213.0,0.012322023770569457,83.33,406,398,5.329751311929223,0.04431879495068987,4.607886540049358
Turkey,TUR,2021-04-22,4501382,37329,3909935.0,54791.0,354.0,65593.0,0.010982849267180628,83.33,407,399,5.395424634286039,0.04474310471167822,4.686507303192038
Turkey,TUR,2021-04-23,4550820,37672,3970111.0,49438.0,343.0,60176.0,0.008920590135404138,83.33,408,400,5.454681769776835,0.04515422970608219,4.758635168099481
Turkey,TUR,2021-04-24,4591416,38011,4022408.0,40596.0,339.0,52297.0,0.008396756033432817,83.33,409,401,5.503340750164075,0.045560560239910015,4.821319144287074
Turkey,TUR,2021-04-25,4629969,38358,4073644.0,38553.0,347.0,51236.0,0.008058801257632586,83.33,410,402,5.549550959812052,0.04597647969489012,4.882731389806845
Turkey,TUR,2021-04-26,4667281,38711,4121671.0,37312.0,353.0,48027.0,0.009277564389202242,,411,403,5.594273688066282,0.04639959084073443,4.940297279329409
Turkey,TUR,2021-04-27,4710582,39057,4167263.0,43301.0,346.0,45592.0,0.00858577560055207,,412,404,5.646174922418137,0.0468143116805705,4.994944540976247
Turkey,TUR,2021-04-28,4751026,39398,4212461.0,40444.0,341.0,45198.0,0.00792965561543979,,413,405,5.694651713303483,0.0472230394446864,5.049119548256336
Turkey,TUR,2021-04-29,4788700,39737,4255714.0,37674.0,339.0,43253.0,0.006659636226950871,,414,406,5.739808340239854,0.047629369978514226,5.100963249081277
Turkey,TUR,2021-04-30,4820591,40131,4323897.0,31891.0,394.0,68183.0,0.005977897730796933,83.33,415,407,5.7780333757982705,0.048101624345263966,5.182688425447007
Turkey,TUR,2021-05-01,4849408,40504,4405199.0,28817.0,373.0,81302.0,0.005357354959615757,83.33,416,408,5.812573868403923,0.04854870779398898,5.280138233887331
Turkey,TUR,2021-05-02,4875388,40844,4480381.0,25980.0,340.0,75182.0,0.00507303213610899,83.33,417,409,5.84371388984595,0.04895623694296084,5.370252517646162
Turkey,TUR,2021-05-03,4900121,41191,4515819.0,24733.0,347.0,35438.0,0.005917608973329491,83.33,418,410,5.873359238203364,0.049372156397940944,5.41272904112047
Turkey,TUR,2021-05-04,4929118,41527,4554037.0,28997.0,336.0,38218.0,0.00537134635445935,83.33,419,411,5.908115481534944,0.04977489108633667,5.458537714695195
Turkey,TUR,2021-05-05,4955594,41883,4589501.0,26476.0,356.0,35464.0,0.0,83.33,420,412,5.939850016088411,0.05020159807761309,5.501045402163249
